Area,year,age_class,year_class,median,q5,q95,Lat_degrees,Long_degrees
Råneå,2006,2,2004,1.35,1.01,1.67,65.83283,22.42617
Råneå,2006,3,2003,1.19,0.93,1.44,65.83283,22.42617
Råneå,2006,4,2002,0.8,0.55,1.05,65.83283,22.42617
Råneå,2006,5,2001,0.68,0.38,1.03,65.83283,22.42617
Råneå,2006,6,2000,0.7,0.27,1.64,65.83283,22.42617
Råneå,2006,7,1999,0.73,0.5,0.91,65.83283,22.42617
Råneå,2006,plusgroup,1998,0.73,0.5,0.91,65.83283,22.42617
Råneå,2007,2,2005,0.47,0.23,0.72,65.83283,22.42617
Råneå,2007,3,2004,0.48,0.12,0.89,65.83283,22.42617
Råneå,2007,4,2003,0.39,0.16,0.65,65.83283,22.42617
Råneå,2007,5,2002,0.51,0.3,0.77,65.83283,22.42617
Råneå,2007,6,2001,0.48,0.22,0.78,65.83283,22.42617
Råneå,2007,7,2000,0.72,0.51,0.87,65.83283,22.42617
Råneå,2007,plusgroup,1999,0.72,0.51,0.87,65.83283,22.42617
Råneå,2008,2,2006,0.03,0,0.11,65.83283,22.42617
Råneå,2008,3,2005,0.04,0.01,0.13,65.83283,22.42617
Råneå,2008,4,2004,0.19,0.04,0.46,65.83283,22.42617
Råneå,2008,5,2003,0.37,0.17,0.59,65.83283,22.42617
Råneå,2008,6,2002,0.45,0.21,0.69,65.83283,22.42617
Råneå,2008,7,2001,0.7,0.51,0.83,65.83283,22.42617
Råneå,2008,plusgroup,2000,0.7,0.51,0.83,65.83283,22.42617
Råneå,2009,2,2007,0.19,0.01,0.49,65.83283,22.42617
Råneå,2009,3,2006,0.24,0.03,0.49,65.83283,22.42617
Råneå,2009,4,2005,0.39,0.18,0.63,65.83283,22.42617
Råneå,2009,5,2004,0.46,0.23,0.79,65.83283,22.42617
Råneå,2009,6,2003,0.51,0.26,0.79,65.83283,22.42617
Råneå,2009,7,2002,0.71,0.55,0.83,65.83283,22.42617
Råneå,2009,plusgroup,2001,0.71,0.55,0.83,65.83283,22.42617
Råneå,2010,2,2008,0.03,0,0.21,65.83283,22.42617
Råneå,2010,3,2007,0.04,0,0.15,65.83283,22.42617
Råneå,2010,4,2006,0.21,0.05,0.42,65.83283,22.42617
Råneå,2010,5,2005,0.37,0.18,0.6,65.83283,22.42617
Råneå,2010,6,2004,0.47,0.22,0.78,65.83283,22.42617
Råneå,2010,7,2003,0.72,0.56,0.83,65.83283,22.42617
Råneå,2010,plusgroup,2002,0.72,0.56,0.83,65.83283,22.42617
Råneå,2011,2,2009,0.01,0,0.06,65.83283,22.42617
Råneå,2011,3,2008,0.02,0,0.09,65.83283,22.42617
Råneå,2011,4,2007,0.16,0.03,0.39,65.83283,22.42617
Råneå,2011,5,2006,0.33,0.16,0.51,65.83283,22.42617
Råneå,2011,6,2005,0.64,0.38,0.94,65.83283,22.42617
Råneå,2011,7,2004,0.75,0.62,0.86,65.83283,22.42617
Råneå,2011,plusgroup,2003,0.75,0.62,0.86,65.83283,22.42617
Råneå,2012,2,2010,0.02,0,0.08,65.83283,22.42617
Råneå,2012,3,2009,0.1,0.01,0.28,65.83283,22.42617
Råneå,2012,4,2008,0.34,0.11,0.62,65.83283,22.42617
Råneå,2012,5,2007,0.58,0.31,0.92,65.83283,22.42617
Råneå,2012,6,2006,0.97,0.64,1.31,65.83283,22.42617
Råneå,2012,7,2005,0.8,0.69,1.06,65.83283,22.42617
Råneå,2012,plusgroup,2004,0.8,0.69,1.06,65.83283,22.42617
Råneå,2013,2,2011,0.04,0,0.35,65.83283,22.42617
Råneå,2013,3,2010,0.54,0.11,0.84,65.83283,22.42617
Råneå,2013,4,2009,0.45,0.11,0.85,65.83283,22.42617
Råneå,2013,5,2008,0.52,0.27,0.9,65.83283,22.42617
Råneå,2013,6,2007,0.89,0.49,1.86,65.83283,22.42617
Råneå,2013,7,2006,0.8,0.7,1.06,65.83283,22.42617
Råneå,2013,plusgroup,2005,0.8,0.7,1.06,65.83283,22.42617
Råneå,2014,2,2012,0.06,0,0.66,65.83283,22.42617
Råneå,2014,3,2011,0.74,0.41,1,65.83283,22.42617
Råneå,2014,4,2010,0.2,0.04,0.62,65.83283,22.42617
Råneå,2014,5,2009,0.42,0.16,0.81,65.83283,22.42617
Råneå,2014,6,2008,0.59,0.3,0.94,65.83283,22.42617
Råneå,2014,7,2007,0.78,0.67,0.98,65.83283,22.42617
Råneå,2014,plusgroup,2006,0.78,0.67,0.98,65.83283,22.42617
Råneå,2015,2,2013,0.07,0.01,0.22,65.83283,22.42617
Råneå,2015,3,2012,1.13,0.75,1.5,65.83283,22.42617
Råneå,2015,4,2011,0.06,0.01,0.17,65.83283,22.42617
Råneå,2015,5,2010,0.23,0.07,0.46,65.83283,22.42617
Råneå,2015,6,2009,0.39,0.17,0.6,65.83283,22.42617
Råneå,2015,7,2008,0.75,0.61,0.88,65.83283,22.42617
Råneå,2015,plusgroup,2007,0.75,0.61,0.88,65.83283,22.42617
Råneå,2016,2,2014,0.23,0,0.48,65.83283,22.42617
Råneå,2016,3,2013,0.25,0.08,0.46,65.83283,22.42617
Råneå,2016,4,2012,0.03,0,0.12,65.83283,22.42617
Råneå,2016,5,2011,0.16,0.04,0.29,65.83283,22.42617
Råneå,2016,6,2010,0.5,0.28,0.77,65.83283,22.42617
Råneå,2016,7,2009,0.76,0.63,0.87,65.83283,22.42617
Råneå,2016,plusgroup,2008,0.76,0.63,0.87,65.83283,22.42617
Råneå,2017,2,2015,0.16,0,0.57,65.83283,22.42617
Råneå,2017,3,2014,0.05,0.01,0.14,65.83283,22.42617
Råneå,2017,4,2013,0.01,0,0.06,65.83283,22.42617
Råneå,2017,5,2012,0.13,0.03,0.28,65.83283,22.42617
Råneå,2017,6,2011,0.58,0.36,0.86,65.83283,22.42617
Råneå,2017,7,2010,0.77,0.65,0.87,65.83283,22.42617
Råneå,2017,plusgroup,2009,0.77,0.65,0.87,65.83283,22.42617
Råneå,2018,2,2016,0.1,0,0.34,65.83283,22.42617
Råneå,2018,3,2015,0.09,0.01,0.31,65.83283,22.42617
Råneå,2018,4,2014,0.02,0,0.09,65.83283,22.42617
Råneå,2018,5,2013,0.13,0.03,0.27,65.83283,22.42617
Råneå,2018,6,2012,0.67,0.36,1.45,65.83283,22.42617
Råneå,2018,7,2011,0.8,0.71,1.01,65.83283,22.42617
Råneå,2018,plusgroup,2010,0.8,0.71,1.01,65.83283,22.42617
Råneå,2019,2,2017,0.25,0,0.6,65.83283,22.42617
Råneå,2019,3,2016,0.56,0.32,0.77,65.83283,22.42617
Råneå,2019,4,2015,0.03,0,0.14,65.83283,22.42617
Råneå,2019,5,2014,0.11,0.02,0.25,65.83283,22.42617
Råneå,2019,6,2013,0.42,0.22,0.63,65.83283,22.42617
Råneå,2019,7,2012,0.77,0.66,0.91,65.83283,22.42617
Råneå,2019,plusgroup,2011,0.77,0.66,0.91,65.83283,22.42617
Råneå,2020,2,2018,0.04,0,0.2,65.83283,22.42617
Råneå,2020,3,2017,0.15,0.01,0.46,65.83283,22.42617
Råneå,2020,4,2016,0.02,0,0.15,65.83283,22.42617
Råneå,2020,5,2015,0.09,0.02,0.23,65.83283,22.42617
Råneå,2020,6,2014,0.35,0.17,0.55,65.83283,22.42617
Råneå,2020,7,2013,0.75,0.63,0.87,65.83283,22.42617
Råneå,2020,plusgroup,2012,0.75,0.63,0.87,65.83283,22.42617
Råneå,2021,2,2019,0.01,0,0.05,65.83283,22.42617
Råneå,2021,3,2018,0.02,0,0.11,65.83283,22.42617
Råneå,2021,4,2017,0.01,0,0.13,65.83283,22.42617
Råneå,2021,5,2016,0.09,0.01,0.23,65.83283,22.42617
Råneå,2021,6,2015,0.31,0.12,0.53,65.83283,22.42617
Råneå,2021,7,2014,0.75,0.62,0.87,65.83283,22.42617
Råneå,2021,plusgroup,2013,0.75,0.62,0.87,65.83283,22.42617
Råneå,2022,2,2020,0,0,0.03,65.83283,22.42617
Råneå,2022,3,2019,0.01,0,0.08,65.83283,22.42617
Råneå,2022,4,2018,0.01,0,0.14,65.83283,22.42617
Råneå,2022,5,2017,0.1,0.01,0.24,65.83283,22.42617
Råneå,2022,6,2016,0.41,0.2,0.63,65.83283,22.42617
Råneå,2022,7,2015,0.75,0.6,0.86,65.83283,22.42617
Råneå,2022,plusgroup,2014,0.75,0.6,0.86,65.83283,22.42617
Råneå,2023,2,2021,0,0,0.03,65.83283,22.42617
Råneå,2023,3,2020,0.01,0,0.04,65.83283,22.42617
Råneå,2023,4,2019,0.02,0,0.3,65.83283,22.42617
Råneå,2023,5,2018,0.14,0.02,0.32,65.83283,22.42617
Råneå,2023,6,2017,0.87,0.36,1.58,65.83283,22.42617
Råneå,2023,7,2016,0.78,0.63,0.96,65.83283,22.42617
Råneå,2023,plusgroup,2015,0.78,0.63,0.96,65.83283,22.42617
Kinnbäcksfjärden,2007,3,2004,0.52,0.24,0.88,65.04667,21.51833
Kinnbäcksfjärden,2007,4,2003,1.48,1.08,2,65.04667,21.51833
Kinnbäcksfjärden,2007,plusgroup,2002,1.48,1.08,2,65.04667,21.51833
Kinnbäcksfjärden,2008,3,2005,0.45,0.22,0.71,65.04667,21.51833
Kinnbäcksfjärden,2008,4,2004,1.29,0.95,1.61,65.04667,21.51833
Kinnbäcksfjärden,2008,plusgroup,2003,1.29,0.95,1.61,65.04667,21.51833
Kinnbäcksfjärden,2009,3,2006,0.52,0.26,0.8,65.04667,21.51833
Kinnbäcksfjärden,2009,4,2005,1.33,1.03,1.6,65.04667,21.51833
Kinnbäcksfjärden,2009,plusgroup,2004,1.33,1.03,1.6,65.04667,21.51833
Kinnbäcksfjärden,2010,3,2007,0.57,0.32,0.83,65.04667,21.51833
Kinnbäcksfjärden,2010,4,2006,1.42,1.11,1.75,65.04667,21.51833
Kinnbäcksfjärden,2010,plusgroup,2005,1.42,1.11,1.75,65.04667,21.51833
Kinnbäcksfjärden,2011,3,2008,0.69,0.41,1.09,65.04667,21.51833
Kinnbäcksfjärden,2011,4,2007,1.47,1.17,1.78,65.04667,21.51833
Kinnbäcksfjärden,2011,plusgroup,2006,1.47,1.17,1.78,65.04667,21.51833
Kinnbäcksfjärden,2012,3,2009,0.67,0.42,0.95,65.04667,21.51833
Kinnbäcksfjärden,2012,4,2008,1.44,1.08,1.74,65.04667,21.51833
Kinnbäcksfjärden,2012,plusgroup,2007,1.44,1.08,1.74,65.04667,21.51833
Kinnbäcksfjärden,2013,3,2010,0.73,0.46,1.02,65.04667,21.51833
Kinnbäcksfjärden,2013,4,2009,1.55,1.2,1.89,65.04667,21.51833
Kinnbäcksfjärden,2013,plusgroup,2008,1.55,1.2,1.89,65.04667,21.51833
Kinnbäcksfjärden,2014,3,2011,0.96,0.67,1.31,65.04667,21.51833
Kinnbäcksfjärden,2014,4,2010,2,1.54,2.74,65.04667,21.51833
Kinnbäcksfjärden,2014,plusgroup,2009,2,1.54,2.74,65.04667,21.51833
Kinnbäcksfjärden,2015,3,2012,1.13,0.73,1.78,65.04667,21.51833
Kinnbäcksfjärden,2015,4,2011,1.96,1.54,2.52,65.04667,21.51833
Kinnbäcksfjärden,2015,plusgroup,2010,1.96,1.54,2.52,65.04667,21.51833
Kinnbäcksfjärden,2016,3,2013,1.1,0.74,1.55,65.04667,21.51833
Kinnbäcksfjärden,2016,4,2012,1.71,1.32,2.34,65.04667,21.51833
Kinnbäcksfjärden,2016,plusgroup,2011,1.71,1.32,2.34,65.04667,21.51833
Kinnbäcksfjärden,2017,3,2014,1.17,0.8,1.6,65.04667,21.51833
Kinnbäcksfjärden,2017,4,2013,1.57,1.14,2.1,65.04667,21.51833
Kinnbäcksfjärden,2017,plusgroup,2012,1.57,1.14,2.1,65.04667,21.51833
Kinnbäcksfjärden,2018,3,2015,1.17,0.83,1.53,65.04667,21.51833
Kinnbäcksfjärden,2018,4,2014,1.42,1,1.8,65.04667,21.51833
Kinnbäcksfjärden,2018,plusgroup,2013,1.42,1,1.8,65.04667,21.51833
Kinnbäcksfjärden,2019,3,2016,1.37,0.96,1.88,65.04667,21.51833
Kinnbäcksfjärden,2019,4,2015,1.39,1.02,1.74,65.04667,21.51833
Kinnbäcksfjärden,2019,plusgroup,2014,1.39,1.02,1.74,65.04667,21.51833
Kinnbäcksfjärden,2020,3,2017,1.55,0.95,2.48,65.04667,21.51833
Kinnbäcksfjärden,2020,4,2016,1.5,1.06,2.03,65.04667,21.51833
Kinnbäcksfjärden,2020,plusgroup,2015,1.5,1.06,2.03,65.04667,21.51833
Holmön,2002,1,2001,0.16,0.05,0.37,63.6815,20.87533
Holmön,2002,2,2000,0.2,0.07,0.44,63.6815,20.87533
Holmön,2002,3,1999,0.47,0.18,0.9,63.6815,20.87533
Holmön,2002,4,1998,0.83,0.46,1.23,63.6815,20.87533
Holmön,2002,5,1997,0.9,0.47,1.46,63.6815,20.87533
Holmön,2002,plusgroup,1996,0.9,0.47,1.46,63.6815,20.87533
Holmön,2003,1,2002,0.95,0.49,1.36,63.6815,20.87533
Holmön,2003,2,2001,0.68,0.33,1.03,63.6815,20.87533
Holmön,2003,3,2000,1.14,0.73,1.55,63.6815,20.87533
Holmön,2003,4,1999,1.36,0.87,1.98,63.6815,20.87533
Holmön,2003,5,1998,1.11,0.68,1.54,63.6815,20.87533
Holmön,2003,plusgroup,1997,1.11,0.68,1.54,63.6815,20.87533
Holmön,2004,1,2003,0.22,0.06,0.46,63.6815,20.87533
Holmön,2004,2,2002,0.42,0.15,0.83,63.6815,20.87533
Holmön,2004,3,2001,1.15,0.74,1.57,63.6815,20.87533
Holmön,2004,4,2000,1.79,1.24,2.49,63.6815,20.87533
Holmön,2004,5,1999,2.23,1.28,4.61,63.6815,20.87533
Holmön,2004,plusgroup,1998,2.23,1.28,4.61,63.6815,20.87533
Holmön,2005,1,2004,0.56,0.07,1.06,63.6815,20.87533
Holmön,2005,2,2003,0.27,0.11,0.49,63.6815,20.87533
Holmön,2005,3,2002,0.56,0.25,0.96,63.6815,20.87533
Holmön,2005,4,2001,1.15,0.78,1.57,63.6815,20.87533
Holmön,2005,5,2000,1.14,0.64,1.79,63.6815,20.87533
Holmön,2005,plusgroup,1999,1.14,0.64,1.79,63.6815,20.87533
Holmön,2006,1,2005,0.3,0.04,0.75,63.6815,20.87533
Holmön,2006,2,2004,0.32,0.07,0.78,63.6815,20.87533
Holmön,2006,3,2003,0.3,0.12,0.54,63.6815,20.87533
Holmön,2006,4,2002,0.87,0.53,1.27,63.6815,20.87533
Holmön,2006,5,2001,0.83,0.45,1.27,63.6815,20.87533
Holmön,2006,plusgroup,2000,0.83,0.45,1.27,63.6815,20.87533
Holmön,2007,1,2006,0.1,0.01,0.35,63.6815,20.87533
Holmön,2007,2,2005,0.27,0.06,0.66,63.6815,20.87533
Holmön,2007,3,2004,0.29,0.11,0.59,63.6815,20.87533
Holmön,2007,4,2003,0.78,0.49,1.08,63.6815,20.87533
Holmön,2007,5,2002,0.76,0.38,1.24,63.6815,20.87533
Holmön,2007,plusgroup,2001,0.76,0.38,1.24,63.6815,20.87533
Holmön,2008,1,2007,0.24,0.04,0.56,63.6815,20.87533
Holmön,2008,2,2006,1.1,0.7,1.47,63.6815,20.87533
Holmön,2008,3,2005,1.69,1,2.45,63.6815,20.87533
Holmön,2008,4,2004,1.74,1.17,2.52,63.6815,20.87533
Holmön,2008,5,2003,1.39,1,1.84,63.6815,20.87533
Holmön,2008,plusgroup,2002,1.39,1,1.84,63.6815,20.87533
Holmön,2009,1,2008,0.04,0,0.21,63.6815,20.87533
Holmön,2009,2,2007,0.19,0.04,0.44,63.6815,20.87533
Holmön,2009,3,2006,0.43,0.17,0.81,63.6815,20.87533
Holmön,2009,4,2005,0.99,0.57,1.63,63.6815,20.87533
Holmön,2009,5,2004,0.77,0.4,1.15,63.6815,20.87533
Holmön,2009,plusgroup,2003,0.77,0.4,1.15,63.6815,20.87533
Holmön,2010,1,2009,0.02,0,0.15,63.6815,20.87533
Holmön,2010,2,2008,0.08,0.01,0.23,63.6815,20.87533
Holmön,2010,3,2007,0.24,0.09,0.48,63.6815,20.87533
Holmön,2010,4,2006,0.82,0.47,1.21,63.6815,20.87533
Holmön,2010,5,2005,0.86,0.45,1.39,63.6815,20.87533
Holmön,2010,plusgroup,2004,0.86,0.45,1.39,63.6815,20.87533
Holmön,2011,1,2010,0.04,0,0.31,63.6815,20.87533
Holmön,2011,2,2009,0.13,0.03,0.32,63.6815,20.87533
Holmön,2011,3,2008,0.42,0.15,0.74,63.6815,20.87533
Holmön,2011,4,2007,0.95,0.64,1.28,63.6815,20.87533
Holmön,2011,5,2006,1.34,0.81,2.11,63.6815,20.87533
Holmön,2011,plusgroup,2005,1.34,0.81,2.11,63.6815,20.87533
Holmön,2012,1,2011,0.08,0.01,0.29,63.6815,20.87533
Holmön,2012,2,2010,0.31,0.08,0.68,63.6815,20.87533
Holmön,2012,3,2009,0.75,0.42,1.12,63.6815,20.87533
Holmön,2012,4,2008,1.23,0.84,1.7,63.6815,20.87533
Holmön,2012,5,2007,1.43,0.95,1.93,63.6815,20.87533
Holmön,2012,plusgroup,2006,1.43,0.95,1.93,63.6815,20.87533
Holmön,2013,1,2012,0.27,0.06,0.6,63.6815,20.87533
Holmön,2013,2,2011,0.61,0.29,0.95,63.6815,20.87533
Holmön,2013,3,2010,1.63,1.13,2.13,63.6815,20.87533
Holmön,2013,4,2009,1.87,1.3,2.59,63.6815,20.87533
Holmön,2013,5,2008,2.83,1.82,4.44,63.6815,20.87533
Holmön,2013,plusgroup,2007,2.83,1.82,4.44,63.6815,20.87533
Holmön,2014,1,2013,1.01,0.59,1.43,63.6815,20.87533
Holmön,2014,2,2012,0.62,0.26,1.07,63.6815,20.87533
Holmön,2014,3,2011,0.89,0.51,1.29,63.6815,20.87533
Holmön,2014,4,2010,1.27,0.8,1.78,63.6815,20.87533
Holmön,2014,5,2009,2.11,1.21,3.59,63.6815,20.87533
Holmön,2014,plusgroup,2008,2.11,1.21,3.59,63.6815,20.87533
Holmön,2015,1,2014,1.25,0.63,1.73,63.6815,20.87533
Holmön,2015,2,2013,0.47,0.16,0.95,63.6815,20.87533
Holmön,2015,3,2012,1.11,0.43,2.22,63.6815,20.87533
Holmön,2015,4,2011,1.46,0.85,2.46,63.6815,20.87533
Holmön,2015,5,2010,2.61,1.28,6.14,63.6815,20.87533
Holmön,2015,plusgroup,2009,2.61,1.28,6.14,63.6815,20.87533
Holmön,2016,1,2015,0.63,0.09,1.71,63.6815,20.87533
Holmön,2016,2,2014,0.21,0.04,0.77,63.6815,20.87533
Holmön,2016,3,2013,0.66,0.25,1.15,63.6815,20.87533
Holmön,2016,4,2012,1.23,0.69,2.02,63.6815,20.87533
Holmön,2016,5,2011,2.4,1.34,4.18,63.6815,20.87533
Holmön,2016,plusgroup,2010,2.4,1.34,4.18,63.6815,20.87533
Holmön,2017,1,2016,0.19,0.02,0.57,63.6815,20.87533
Holmön,2017,2,2015,0.07,0.01,0.24,63.6815,20.87533
Holmön,2017,3,2014,0.38,0.11,0.82,63.6815,20.87533
Holmön,2017,4,2013,0.88,0.53,1.26,63.6815,20.87533
Holmön,2017,5,2012,1.74,0.91,3.71,63.6815,20.87533
Holmön,2017,plusgroup,2011,1.74,0.91,3.71,63.6815,20.87533
Holmön,2018,1,2017,0.07,0.01,0.26,63.6815,20.87533
Holmön,2018,2,2016,0.03,0,0.13,63.6815,20.87533
Holmön,2018,3,2015,0.22,0.05,0.52,63.6815,20.87533
Holmön,2018,4,2014,0.7,0.4,1.05,63.6815,20.87533
Holmön,2018,5,2013,1.17,0.62,1.79,63.6815,20.87533
Holmön,2018,plusgroup,2012,1.17,0.62,1.79,63.6815,20.87533
Holmön,2019,1,2018,0.19,0.03,0.5,63.6815,20.87533
Holmön,2019,2,2017,0.05,0,0.15,63.6815,20.87533
Holmön,2019,3,2016,0.34,0.08,0.83,63.6815,20.87533
Holmön,2019,4,2015,0.93,0.59,1.34,63.6815,20.87533
Holmön,2019,5,2014,1.69,1.1,2.41,63.6815,20.87533
Holmön,2019,plusgroup,2013,1.69,1.1,2.41,63.6815,20.87533
Holmön,2020,1,2019,1.19,0.83,1.54,63.6815,20.87533
Holmön,2020,2,2018,0.11,0.01,0.35,63.6815,20.87533
Holmön,2020,3,2017,0.47,0.2,0.79,63.6815,20.87533
Holmön,2020,4,2016,1.56,0.94,2.43,63.6815,20.87533
Holmön,2020,5,2015,3.68,2.09,8.38,63.6815,20.87533
Holmön,2020,plusgroup,2014,3.68,2.09,8.38,63.6815,20.87533
Holmön,2021,1,2020,0.08,0.01,0.26,63.6815,20.87533
Holmön,2021,2,2019,0.02,0,0.11,63.6815,20.87533
Holmön,2021,3,2018,0.13,0.03,0.3,63.6815,20.87533
Holmön,2021,4,2017,0.73,0.43,1.08,63.6815,20.87533
Holmön,2021,5,2016,1.76,0.9,4.05,63.6815,20.87533
Holmön,2021,plusgroup,2015,1.76,0.9,4.05,63.6815,20.87533
Holmön,2022,1,2021,0.06,0,0.37,63.6815,20.87533
Holmön,2022,2,2020,0.02,0,0.1,63.6815,20.87533
Holmön,2022,3,2019,0.14,0.03,0.4,63.6815,20.87533
Holmön,2022,4,2018,0.63,0.38,0.91,63.6815,20.87533
Holmön,2022,5,2017,1.06,0.59,1.66,63.6815,20.87533
Holmön,2022,plusgroup,2016,1.06,0.59,1.66,63.6815,20.87533
Holmön,2023,1,2022,0.06,0,0.45,63.6815,20.87533
Holmön,2023,2,2021,0.02,0,0.15,63.6815,20.87533
Holmön,2023,3,2020,0.17,0.05,0.35,63.6815,20.87533
Holmön,2023,4,2019,0.66,0.36,1.03,63.6815,20.87533
Holmön,2023,5,2018,0.77,0.42,1.12,63.6815,20.87533
Holmön,2023,plusgroup,2017,0.77,0.42,1.12,63.6815,20.87533
Holmön,2024,1,2023,0.12,0.01,0.4,63.6815,20.87533
Holmön,2024,2,2022,0.1,0,0.51,63.6815,20.87533
Holmön,2024,3,2021,1.01,0.51,1.44,63.6815,20.87533
Holmön,2024,4,2020,1.29,0.81,1.82,63.6815,20.87533
Holmön,2024,5,2019,1.84,1.27,2.48,63.6815,20.87533
Holmön,2024,plusgroup,2018,1.84,1.27,2.48,63.6815,20.87533
Norrbyn,2002,1,2001,0.23,0.04,0.66,63.53367,19.83417
Norrbyn,2002,2,2000,0.58,0.2,1.16,63.53367,19.83417
Norrbyn,2002,3,1999,2.11,1.23,3.73,63.53367,19.83417
Norrbyn,2002,4,1998,1.71,1.16,2.41,63.53367,19.83417
Norrbyn,2002,plusgroup,1997,1.71,1.16,2.41,63.53367,19.83417
Norrbyn,2003,1,2002,0.07,0,0.33,63.53367,19.83417
Norrbyn,2003,2,2001,0.65,0.22,1.09,63.53367,19.83417
Norrbyn,2003,3,2000,1.81,1.2,2.73,63.53367,19.83417
Norrbyn,2003,4,1999,1.5,0.82,2.18,63.53367,19.83417
Norrbyn,2003,plusgroup,1998,1.5,0.82,2.18,63.53367,19.83417
Norrbyn,2004,1,2003,0.02,0,0.19,63.53367,19.83417
Norrbyn,2004,2,2002,0.22,0.05,0.47,63.53367,19.83417
Norrbyn,2004,3,2001,1.39,0.99,1.89,63.53367,19.83417
Norrbyn,2004,4,2000,1.35,0.6,1.99,63.53367,19.83417
Norrbyn,2004,plusgroup,1999,1.35,0.6,1.99,63.53367,19.83417
Norrbyn,2005,1,2004,0,0,0.07,63.53367,19.83417
Norrbyn,2005,2,2003,0.12,0.01,0.34,63.53367,19.83417
Norrbyn,2005,3,2002,0.92,0.59,1.25,63.53367,19.83417
Norrbyn,2005,4,2001,1.24,0.64,1.77,63.53367,19.83417
Norrbyn,2005,plusgroup,2000,1.24,0.64,1.77,63.53367,19.83417
Norrbyn,2006,1,2005,0,0,0.05,63.53367,19.83417
Norrbyn,2006,2,2004,0.11,0.01,0.35,63.53367,19.83417
Norrbyn,2006,3,2003,0.88,0.57,1.18,63.53367,19.83417
Norrbyn,2006,4,2002,1.72,1.19,2.85,63.53367,19.83417
Norrbyn,2006,plusgroup,2001,1.72,1.19,2.85,63.53367,19.83417
Norrbyn,2007,1,2006,0,0,0.04,63.53367,19.83417
Norrbyn,2007,2,2005,0.1,0.01,0.3,63.53367,19.83417
Norrbyn,2007,3,2004,0.81,0.48,1.17,63.53367,19.83417
Norrbyn,2007,4,2003,1.24,0.76,1.67,63.53367,19.83417
Norrbyn,2007,plusgroup,2002,1.24,0.76,1.67,63.53367,19.83417
Norrbyn,2008,1,2007,0,0,0.07,63.53367,19.83417
Norrbyn,2008,2,2006,0.32,0.03,0.83,63.53367,19.83417
Norrbyn,2008,3,2005,1.28,0.83,1.76,63.53367,19.83417
Norrbyn,2008,4,2004,2.46,1.57,3.94,63.53367,19.83417
Norrbyn,2008,plusgroup,2003,2.46,1.57,3.94,63.53367,19.83417
Norrbyn,2009,1,2008,0,0,0.07,63.53367,19.83417
Norrbyn,2009,2,2007,0.28,0.03,0.69,63.53367,19.83417
Norrbyn,2009,3,2006,1.54,1.07,2.14,63.53367,19.83417
Norrbyn,2009,4,2005,2.53,1.54,6.2,63.53367,19.83417
Norrbyn,2009,plusgroup,2004,2.53,1.54,6.2,63.53367,19.83417
Norrbyn,2010,1,2009,0,0,0.04,63.53367,19.83417
Norrbyn,2010,2,2008,0.12,0.02,0.37,63.53367,19.83417
Norrbyn,2010,3,2007,1.31,0.89,1.76,63.53367,19.83417
Norrbyn,2010,4,2006,1.61,0.85,2.31,63.53367,19.83417
Norrbyn,2010,plusgroup,2005,1.61,0.85,2.31,63.53367,19.83417
Norrbyn,2011,1,2010,0,0,0.07,63.53367,19.83417
Norrbyn,2011,2,2009,0.19,0.02,0.53,63.53367,19.83417
Norrbyn,2011,3,2008,1.77,1.17,2.77,63.53367,19.83417
Norrbyn,2011,4,2007,2.12,1.38,4.38,63.53367,19.83417
Norrbyn,2011,plusgroup,2006,2.12,1.38,4.38,63.53367,19.83417
Norrbyn,2012,1,2011,0,0,0.05,63.53367,19.83417
Norrbyn,2012,2,2010,0.17,0.03,0.44,63.53367,19.83417
Norrbyn,2012,3,2009,1.91,1.34,2.71,63.53367,19.83417
Norrbyn,2012,4,2008,1.73,0.87,2.77,63.53367,19.83417
Norrbyn,2012,plusgroup,2007,1.73,0.87,2.77,63.53367,19.83417
Norrbyn,2013,1,2012,0.01,0,0.08,63.53367,19.83417
Norrbyn,2013,2,2011,0.24,0.06,0.5,63.53367,19.83417
Norrbyn,2013,3,2010,1.97,1.47,2.62,63.53367,19.83417
Norrbyn,2013,4,2009,2.14,1.29,4.92,63.53367,19.83417
Norrbyn,2013,plusgroup,2008,2.14,1.29,4.92,63.53367,19.83417
Norrbyn,2014,1,2013,0.87,0,1.71,63.53367,19.83417
Norrbyn,2014,2,2012,1.16,0.64,1.74,63.53367,19.83417
Norrbyn,2014,3,2011,2.15,1.62,2.76,63.53367,19.83417
Norrbyn,2014,4,2010,2.09,1.26,3.79,63.53367,19.83417
Norrbyn,2014,plusgroup,2009,2.09,1.26,3.79,63.53367,19.83417
Norrbyn,2015,1,2014,0.04,0,0.3,63.53367,19.83417
Norrbyn,2015,2,2013,1.73,0.75,2.83,63.53367,19.83417
Norrbyn,2015,3,2012,1.71,1.1,2.36,63.53367,19.83417
Norrbyn,2015,4,2011,1.96,1.15,4.5,63.53367,19.83417
Norrbyn,2015,plusgroup,2010,1.96,1.15,4.5,63.53367,19.83417
Norrbyn,2016,1,2015,0.01,0,0.09,63.53367,19.83417
Norrbyn,2016,2,2014,0.74,0.33,1.22,63.53367,19.83417
Norrbyn,2016,3,2013,1.49,0.9,2.21,63.53367,19.83417
Norrbyn,2016,4,2012,1.31,0.52,2.1,63.53367,19.83417
Norrbyn,2016,plusgroup,2011,1.31,0.52,2.1,63.53367,19.83417
Norrbyn,2017,1,2016,0,0,0.07,63.53367,19.83417
Norrbyn,2017,2,2015,0.53,0.15,1.04,63.53367,19.83417
Norrbyn,2017,3,2014,1.48,0.91,2.16,63.53367,19.83417
Norrbyn,2017,4,2013,1.22,0.42,2.06,63.53367,19.83417
Norrbyn,2017,plusgroup,2012,1.22,0.42,2.06,63.53367,19.83417
Norrbyn,2018,1,2017,0,0,0.13,63.53367,19.83417
Norrbyn,2018,2,2016,0.54,0.06,2.56,63.53367,19.83417
Norrbyn,2018,3,2015,1.65,0.83,3.05,63.53367,19.83417
Norrbyn,2018,4,2014,1.65,0.55,4.04,63.53367,19.83417
Norrbyn,2018,plusgroup,2013,1.65,0.55,4.04,63.53367,19.83417
Norrbyn,2019,1,2018,0,0,0.12,63.53367,19.83417
Norrbyn,2019,2,2017,0.41,0.03,1.67,63.53367,19.83417
Norrbyn,2019,3,2016,1.71,0.82,3.32,63.53367,19.83417
Norrbyn,2019,4,2015,1.99,0.91,6.78,63.53367,19.83417
Norrbyn,2019,plusgroup,2014,1.99,0.91,6.78,63.53367,19.83417
Norrbyn,2020,1,2019,0,0,0.11,63.53367,19.83417
Norrbyn,2020,2,2018,0.27,0.02,1.18,63.53367,19.83417
Norrbyn,2020,3,2017,1.61,0.74,2.93,63.53367,19.83417
Norrbyn,2020,4,2016,2.44,1.12,9.52,63.53367,19.83417
Norrbyn,2020,plusgroup,2015,2.44,1.12,9.52,63.53367,19.83417
Norrbyn,2021,1,2020,0,0,0.11,63.53367,19.83417
Norrbyn,2021,2,2019,0.19,0.01,1.31,63.53367,19.83417
Norrbyn,2021,3,2018,1.44,0.56,3.03,63.53367,19.83417
Norrbyn,2021,4,2017,2.12,0.89,10.24,63.53367,19.83417
Norrbyn,2021,plusgroup,2016,2.12,0.89,10.24,63.53367,19.83417
Norrbyn,2022,1,2021,0,0,0.09,63.53367,19.83417
Norrbyn,2022,2,2020,0.14,0,1.16,63.53367,19.83417
Norrbyn,2022,3,2019,1.27,0.44,2.67,63.53367,19.83417
Norrbyn,2022,4,2018,1.91,0.82,8.23,63.53367,19.83417
Norrbyn,2022,plusgroup,2017,1.91,0.82,8.23,63.53367,19.83417
Norrbyn,2023,1,2022,0,0,0.08,63.53367,19.83417
Norrbyn,2023,2,2021,0.11,0,0.72,63.53367,19.83417
Norrbyn,2023,3,2020,1.12,0.36,2.39,63.53367,19.83417
Norrbyn,2023,4,2019,1.73,0.73,5.54,63.53367,19.83417
Norrbyn,2023,plusgroup,2018,1.73,0.73,5.54,63.53367,19.83417
Norrbyn,2024,1,2023,0,0,0.08,63.53367,19.83417
Norrbyn,2024,2,2022,0.09,0,0.68,63.53367,19.83417
Norrbyn,2024,3,2021,1,0.28,2.15,63.53367,19.83417
Norrbyn,2024,4,2020,1.61,0.55,3.32,63.53367,19.83417
Norrbyn,2024,plusgroup,2019,1.61,0.55,3.32,63.53367,19.83417
Gaviksfjärden,2007,2,2005,0.2,0.04,0.64,62.86333,18.27583
Gaviksfjärden,2007,3,2004,0.79,0.32,1.36,62.86333,18.27583
Gaviksfjärden,2007,4,2003,1.55,1.24,1.93,62.86333,18.27583
Gaviksfjärden,2007,plusgroup,2002,1.55,1.24,1.93,62.86333,18.27583
Gaviksfjärden,2008,2,2006,0.12,0.02,0.37,62.86333,18.27583
Gaviksfjärden,2008,3,2005,1.02,0.52,1.52,62.86333,18.27583
Gaviksfjärden,2008,4,2004,1.55,1.24,1.89,62.86333,18.27583
Gaviksfjärden,2008,plusgroup,2003,1.55,1.24,1.89,62.86333,18.27583
Gaviksfjärden,2009,2,2007,0.08,0.01,0.28,62.86333,18.27583
Gaviksfjärden,2009,3,2006,0.35,0.11,0.76,62.86333,18.27583
Gaviksfjärden,2009,4,2005,1.48,1.16,1.72,62.86333,18.27583
Gaviksfjärden,2009,plusgroup,2004,1.48,1.16,1.72,62.86333,18.27583
Gaviksfjärden,2010,2,2008,0.07,0,0.25,62.86333,18.27583
Gaviksfjärden,2010,3,2007,0.23,0.06,0.47,62.86333,18.27583
Gaviksfjärden,2010,4,2006,1.48,1.17,1.75,62.86333,18.27583
Gaviksfjärden,2010,plusgroup,2005,1.48,1.17,1.75,62.86333,18.27583
Gaviksfjärden,2011,2,2009,0.09,0,0.37,62.86333,18.27583
Gaviksfjärden,2011,3,2008,0.31,0.09,0.69,62.86333,18.27583
Gaviksfjärden,2011,4,2007,1.47,1.19,1.67,62.86333,18.27583
Gaviksfjärden,2011,plusgroup,2006,1.47,1.19,1.67,62.86333,18.27583
Gaviksfjärden,2012,2,2010,0.11,0,0.61,62.86333,18.27583
Gaviksfjärden,2012,3,2009,0.73,0.34,1.16,62.86333,18.27583
Gaviksfjärden,2012,4,2008,1.55,1.3,1.79,62.86333,18.27583
Gaviksfjärden,2012,plusgroup,2007,1.55,1.3,1.79,62.86333,18.27583
Gaviksfjärden,2013,2,2011,0.08,0,0.28,62.86333,18.27583
Gaviksfjärden,2013,3,2010,1.08,0.65,1.53,62.86333,18.27583
Gaviksfjärden,2013,4,2009,1.65,1.42,2.62,62.86333,18.27583
Gaviksfjärden,2013,plusgroup,2008,1.65,1.42,2.62,62.86333,18.27583
Gaviksfjärden,2014,2,2012,0.08,0,0.34,62.86333,18.27583
Gaviksfjärden,2014,3,2011,1.54,1.18,1.9,62.86333,18.27583
Gaviksfjärden,2014,4,2010,1.63,1.38,2.03,62.86333,18.27583
Gaviksfjärden,2014,plusgroup,2009,1.63,1.38,2.03,62.86333,18.27583
Gaviksfjärden,2015,2,2013,0.04,0,0.17,62.86333,18.27583
Gaviksfjärden,2015,3,2012,0.48,0.21,0.77,62.86333,18.27583
Gaviksfjärden,2015,4,2011,1.61,1.4,2.11,62.86333,18.27583
Gaviksfjärden,2015,plusgroup,2010,1.61,1.4,2.11,62.86333,18.27583
Gaviksfjärden,2016,2,2014,0.03,0,0.16,62.86333,18.27583
Gaviksfjärden,2016,3,2013,0.27,0.07,0.6,62.86333,18.27583
Gaviksfjärden,2016,4,2012,1.53,1.29,1.77,62.86333,18.27583
Gaviksfjärden,2016,plusgroup,2011,1.53,1.29,1.77,62.86333,18.27583
Gaviksfjärden,2017,2,2015,0.02,0,0.11,62.86333,18.27583
Gaviksfjärden,2017,3,2014,0.25,0.07,0.55,62.86333,18.27583
Gaviksfjärden,2017,4,2013,1.49,1.14,1.7,62.86333,18.27583
Gaviksfjärden,2017,plusgroup,2012,1.49,1.14,1.7,62.86333,18.27583
Gaviksfjärden,2018,2,2016,0.02,0,0.12,62.86333,18.27583
Gaviksfjärden,2018,3,2015,0.47,0.2,0.76,62.86333,18.27583
Gaviksfjärden,2018,4,2014,1.58,1.31,1.86,62.86333,18.27583
Gaviksfjärden,2018,plusgroup,2013,1.58,1.31,1.86,62.86333,18.27583
Gaviksfjärden,2019,2,2017,0.02,0,0.15,62.86333,18.27583
Gaviksfjärden,2019,3,2016,1.1,0.52,1.84,62.86333,18.27583
Gaviksfjärden,2019,4,2015,1.67,1.44,2.09,62.86333,18.27583
Gaviksfjärden,2019,plusgroup,2014,1.67,1.44,2.09,62.86333,18.27583
Gaviksfjärden,2020,2,2018,0.03,0,0.19,62.86333,18.27583
Gaviksfjärden,2020,3,2017,1.3,0.52,2.32,62.86333,18.27583
Gaviksfjärden,2020,4,2016,1.66,1.38,2.2,62.86333,18.27583
Gaviksfjärden,2020,plusgroup,2015,1.66,1.38,2.2,62.86333,18.27583
Gaviksfjärden,2021,2,2019,0.02,0,0.19,62.86333,18.27583
Gaviksfjärden,2021,3,2018,0.81,0.21,2.29,62.86333,18.27583
Gaviksfjärden,2021,4,2017,1.62,1.28,2.21,62.86333,18.27583
Gaviksfjärden,2021,plusgroup,2016,1.62,1.28,2.21,62.86333,18.27583
Gaviksfjärden,2022,2,2020,0.02,0,0.19,62.86333,18.27583
Gaviksfjärden,2022,3,2019,0.62,0.11,1.95,62.86333,18.27583
Gaviksfjärden,2022,4,2018,1.59,1.19,2.09,62.86333,18.27583
Gaviksfjärden,2022,plusgroup,2017,1.59,1.19,2.09,62.86333,18.27583
Gaviksfjärden,2023,2,2021,0.02,0,0.21,62.86333,18.27583
Gaviksfjärden,2023,3,2020,0.59,0.06,2.01,62.86333,18.27583
Gaviksfjärden,2023,4,2019,1.58,1.09,2.09,62.86333,18.27583
Gaviksfjärden,2023,plusgroup,2018,1.58,1.09,2.09,62.86333,18.27583
Långvindsfjärden,2002,2,2000,0.9,0.47,1.31,61.45617,17.16567
Långvindsfjärden,2002,3,1999,0.97,0.6,1.34,61.45617,17.16567
Långvindsfjärden,2002,4,1998,0.86,0.55,1.34,61.45617,17.16567
Långvindsfjärden,2002,5,1997,1.07,0.75,1.41,61.45617,17.16567
Långvindsfjärden,2002,6,1996,0.9,0.65,1.21,61.45617,17.16567
Långvindsfjärden,2002,plusgroup,1995,0.9,0.65,1.21,61.45617,17.16567
Långvindsfjärden,2003,2,2001,0.31,0.06,0.62,61.45617,17.16567
Långvindsfjärden,2003,3,2000,0.16,0.02,0.51,61.45617,17.16567
Långvindsfjärden,2003,4,1999,0.58,0.37,0.83,61.45617,17.16567
Långvindsfjärden,2003,5,1998,0.6,0.32,0.87,61.45617,17.16567
Långvindsfjärden,2003,6,1997,0.63,0.45,0.82,61.45617,17.16567
Långvindsfjärden,2003,plusgroup,1996,0.63,0.45,0.82,61.45617,17.16567
Långvindsfjärden,2004,2,2002,0.09,0.01,0.26,61.45617,17.16567
Långvindsfjärden,2004,3,2001,0.07,0,0.33,61.45617,17.16567
Långvindsfjärden,2004,4,2000,0.52,0.3,0.8,61.45617,17.16567
Långvindsfjärden,2004,5,1999,0.49,0.23,0.78,61.45617,17.16567
Långvindsfjärden,2004,6,1998,0.54,0.35,0.71,61.45617,17.16567
Långvindsfjärden,2004,plusgroup,1997,0.54,0.35,0.71,61.45617,17.16567
Långvindsfjärden,2005,2,2003,0.22,0.04,0.54,61.45617,17.16567
Långvindsfjärden,2005,3,2002,0.13,0.03,0.29,61.45617,17.16567
Långvindsfjärden,2005,4,2001,0.58,0.39,0.9,61.45617,17.16567
Långvindsfjärden,2005,5,2000,0.61,0.33,0.97,61.45617,17.16567
Långvindsfjärden,2005,6,1999,0.74,0.54,1,61.45617,17.16567
Långvindsfjärden,2005,plusgroup,1998,0.74,0.54,1,61.45617,17.16567
Långvindsfjärden,2006,2,2004,1.2,0.9,1.51,61.45617,17.16567
Långvindsfjärden,2006,3,2003,0.79,0.42,1.13,61.45617,17.16567
Långvindsfjärden,2006,4,2002,0.52,0.33,0.69,61.45617,17.16567
Långvindsfjärden,2006,5,2001,0.58,0.31,0.85,61.45617,17.16567
Långvindsfjärden,2006,6,2000,0.78,0.56,1.09,61.45617,17.16567
Långvindsfjärden,2006,plusgroup,1999,0.78,0.56,1.09,61.45617,17.16567
Långvindsfjärden,2007,2,2005,0.17,0.02,0.43,61.45617,17.16567
Långvindsfjärden,2007,3,2004,0.09,0.01,0.32,61.45617,17.16567
Långvindsfjärden,2007,4,2003,0.41,0.22,0.61,61.45617,17.16567
Långvindsfjärden,2007,5,2002,0.4,0.21,0.61,61.45617,17.16567
Långvindsfjärden,2007,6,2001,0.67,0.45,0.99,61.45617,17.16567
Långvindsfjärden,2007,plusgroup,2000,0.67,0.45,0.99,61.45617,17.16567
Långvindsfjärden,2008,2,2006,0.06,0,0.29,61.45617,17.16567
Långvindsfjärden,2008,3,2005,0.04,0,0.16,61.45617,17.16567
Långvindsfjärden,2008,4,2004,0.33,0.15,0.55,61.45617,17.16567
Långvindsfjärden,2008,5,2003,0.33,0.15,0.58,61.45617,17.16567
Långvindsfjärden,2008,6,2002,0.52,0.32,0.72,61.45617,17.16567
Långvindsfjärden,2008,plusgroup,2001,0.52,0.32,0.72,61.45617,17.16567
Långvindsfjärden,2009,2,2007,0.36,0.12,0.62,61.45617,17.16567
Långvindsfjärden,2009,3,2006,0.61,0.3,0.91,61.45617,17.16567
Långvindsfjärden,2009,4,2005,0.57,0.37,0.74,61.45617,17.16567
Långvindsfjärden,2009,5,2004,0.7,0.43,1.02,61.45617,17.16567
Långvindsfjärden,2009,6,2003,0.94,0.72,1.24,61.45617,17.16567
Långvindsfjärden,2009,plusgroup,2002,0.94,0.72,1.24,61.45617,17.16567
Långvindsfjärden,2010,2,2008,0.06,0.01,0.17,61.45617,17.16567
Långvindsfjärden,2010,3,2007,0.05,0.01,0.16,61.45617,17.16567
Långvindsfjärden,2010,4,2006,0.47,0.27,0.66,61.45617,17.16567
Långvindsfjärden,2010,5,2005,0.56,0.32,0.82,61.45617,17.16567
Långvindsfjärden,2010,6,2004,0.83,0.59,1.14,61.45617,17.16567
Långvindsfjärden,2010,plusgroup,2003,0.83,0.59,1.14,61.45617,17.16567
Långvindsfjärden,2011,2,2009,0.7,0.26,1.08,61.45617,17.16567
Långvindsfjärden,2011,3,2008,0.33,0.1,0.61,61.45617,17.16567
Långvindsfjärden,2011,4,2007,0.64,0.46,0.82,61.45617,17.16567
Långvindsfjärden,2011,5,2006,0.85,0.56,1.27,61.45617,17.16567
Långvindsfjärden,2011,6,2005,1.01,0.76,1.32,61.45617,17.16567
Långvindsfjärden,2011,plusgroup,2004,1.01,0.76,1.32,61.45617,17.16567
Långvindsfjärden,2012,2,2010,0.31,0.09,0.64,61.45617,17.16567
Långvindsfjärden,2012,3,2009,0.49,0.16,0.9,61.45617,17.16567
Långvindsfjärden,2012,4,2008,0.76,0.55,1.17,61.45617,17.16567
Långvindsfjärden,2012,5,2007,0.8,0.57,1.07,61.45617,17.16567
Långvindsfjärden,2012,6,2006,0.96,0.71,1.29,61.45617,17.16567
Långvindsfjärden,2012,plusgroup,2005,0.96,0.71,1.29,61.45617,17.16567
Långvindsfjärden,2013,2,2011,0.22,0.05,0.45,61.45617,17.16567
Långvindsfjärden,2013,3,2010,0.66,0.26,1.02,61.45617,17.16567
Långvindsfjärden,2013,4,2009,0.78,0.57,1.14,61.45617,17.16567
Långvindsfjärden,2013,5,2008,0.79,0.5,1.13,61.45617,17.16567
Långvindsfjärden,2013,6,2007,0.88,0.63,1.13,61.45617,17.16567
Långvindsfjärden,2013,plusgroup,2006,0.88,0.63,1.13,61.45617,17.16567
Långvindsfjärden,2014,2,2012,0.03,0,0.11,61.45617,17.16567
Långvindsfjärden,2014,3,2011,0.07,0.01,0.23,61.45617,17.16567
Långvindsfjärden,2014,4,2010,0.63,0.43,0.95,61.45617,17.16567
Långvindsfjärden,2014,5,2009,0.72,0.43,1.07,61.45617,17.16567
Långvindsfjärden,2014,6,2008,0.93,0.68,1.34,61.45617,17.16567
Långvindsfjärden,2014,plusgroup,2007,0.93,0.68,1.34,61.45617,17.16567
Långvindsfjärden,2015,2,2013,0.04,0,0.28,61.45617,17.16567
Långvindsfjärden,2015,3,2012,0.09,0,0.41,61.45617,17.16567
Långvindsfjärden,2015,4,2011,0.62,0.44,0.83,61.45617,17.16567
Långvindsfjärden,2015,5,2010,0.72,0.43,1.06,61.45617,17.16567
Långvindsfjärden,2015,6,2009,0.88,0.59,1.18,61.45617,17.16567
Långvindsfjärden,2015,plusgroup,2008,0.88,0.59,1.18,61.45617,17.16567
Långvindsfjärden,2016,2,2014,0.01,0,0.07,61.45617,17.16567
Långvindsfjärden,2016,3,2013,0.02,0,0.13,61.45617,17.16567
Långvindsfjärden,2016,4,2012,0.49,0.28,0.68,61.45617,17.16567
Långvindsfjärden,2016,5,2011,0.6,0.36,0.84,61.45617,17.16567
Långvindsfjärden,2016,6,2010,0.81,0.51,1.1,61.45617,17.16567
Långvindsfjärden,2016,plusgroup,2009,0.81,0.51,1.1,61.45617,17.16567
Långvindsfjärden,2017,2,2015,0.02,0,0.08,61.45617,17.16567
Långvindsfjärden,2017,3,2014,0.02,0,0.09,61.45617,17.16567
Långvindsfjärden,2017,4,2013,0.48,0.26,0.68,61.45617,17.16567
Långvindsfjärden,2017,5,2012,0.62,0.36,0.9,61.45617,17.16567
Långvindsfjärden,2017,6,2011,0.91,0.62,1.2,61.45617,17.16567
Långvindsfjärden,2017,plusgroup,2010,0.91,0.62,1.2,61.45617,17.16567
Långvindsfjärden,2018,2,2016,0.78,0.38,1.1,61.45617,17.16567
Långvindsfjärden,2018,3,2015,0.83,0.53,1.12,61.45617,17.16567
Långvindsfjärden,2018,4,2014,0.9,0.63,1.2,61.45617,17.16567
Långvindsfjärden,2018,5,2013,1.39,0.89,2.03,61.45617,17.16567
Långvindsfjärden,2018,6,2012,1.64,1.19,2.22,61.45617,17.16567
Långvindsfjärden,2018,plusgroup,2011,1.64,1.19,2.22,61.45617,17.16567
Långvindsfjärden,2019,2,2017,0.04,0,0.14,61.45617,17.16567
Långvindsfjärden,2019,3,2016,0.11,0.01,0.39,61.45617,17.16567
Långvindsfjärden,2019,4,2015,0.56,0.31,0.77,61.45617,17.16567
Långvindsfjärden,2019,5,2014,0.79,0.49,1.11,61.45617,17.16567
Långvindsfjärden,2019,6,2013,1.15,0.78,1.68,61.45617,17.16567
Långvindsfjärden,2019,plusgroup,2012,1.15,0.78,1.68,61.45617,17.16567
Långvindsfjärden,2020,2,2018,0.08,0.01,0.28,61.45617,17.16567
Långvindsfjärden,2020,3,2017,0.57,0.2,0.97,61.45617,17.16567
Långvindsfjärden,2020,4,2016,0.69,0.44,0.98,61.45617,17.16567
Långvindsfjärden,2020,5,2015,0.91,0.55,1.39,61.45617,17.16567
Långvindsfjärden,2020,6,2014,1.09,0.7,1.58,61.45617,17.16567
Långvindsfjärden,2020,plusgroup,2013,1.09,0.7,1.58,61.45617,17.16567
Långvindsfjärden,2021,2,2019,0.41,0.02,1.09,61.45617,17.16567
Långvindsfjärden,2021,3,2018,6.47,3.59,17.91,61.45617,17.16567
Långvindsfjärden,2021,4,2017,0.85,0.51,1.48,61.45617,17.16567
Långvindsfjärden,2021,5,2016,1.02,0.53,1.85,61.45617,17.16567
Långvindsfjärden,2021,6,2015,1.07,0.59,1.89,61.45617,17.16567
Långvindsfjärden,2021,plusgroup,2014,1.07,0.59,1.89,61.45617,17.16567
Långvindsfjärden,2022,2,2020,0.03,0,0.2,61.45617,17.16567
Långvindsfjärden,2022,3,2019,0.33,0.02,1,61.45617,17.16567
Långvindsfjärden,2022,4,2018,0.54,0.24,0.91,61.45617,17.16567
Långvindsfjärden,2022,5,2017,0.53,0.19,1.05,61.45617,17.16567
Långvindsfjärden,2022,6,2016,0.66,0.32,1.06,61.45617,17.16567
Långvindsfjärden,2022,plusgroup,2015,0.66,0.32,1.06,61.45617,17.16567
Långvindsfjärden,2023,2,2021,0.01,0,0.17,61.45617,17.16567
Långvindsfjärden,2023,3,2020,0.09,0,0.72,61.45617,17.16567
Långvindsfjärden,2023,4,2019,0.46,0.14,0.88,61.45617,17.16567
Långvindsfjärden,2023,5,2018,0.42,0.1,1.1,61.45617,17.16567
Långvindsfjärden,2023,6,2017,0.55,0.21,0.95,61.45617,17.16567
Långvindsfjärden,2023,plusgroup,2016,0.55,0.21,0.95,61.45617,17.16567
Forsmark,2007,1,2006,0.13,0.04,0.31,60.43383,18.16217
Forsmark,2007,2,2005,0.09,0.03,0.2,60.43383,18.16217
Forsmark,2007,3,2004,0.29,0.14,0.5,60.43383,18.16217
Forsmark,2007,4,2003,0.58,0.38,0.78,60.43383,18.16217
Forsmark,2007,plusgroup,2002,0.58,0.38,0.78,60.43383,18.16217
Forsmark,2008,1,2007,1,0.71,1.27,60.43383,18.16217
Forsmark,2008,2,2006,0.66,0.39,0.93,60.43383,18.16217
Forsmark,2008,3,2005,0.46,0.27,0.66,60.43383,18.16217
Forsmark,2008,4,2004,0.82,0.64,1.02,60.43383,18.16217
Forsmark,2008,plusgroup,2003,0.82,0.64,1.02,60.43383,18.16217
Forsmark,2009,1,2008,0.05,0,0.18,60.43383,18.16217
Forsmark,2009,2,2007,0.12,0.02,0.35,60.43383,18.16217
Forsmark,2009,3,2006,0.41,0.24,0.62,60.43383,18.16217
Forsmark,2009,4,2005,0.86,0.69,1.06,60.43383,18.16217
Forsmark,2009,plusgroup,2004,0.86,0.69,1.06,60.43383,18.16217
Forsmark,2010,1,2009,0.01,0,0.06,60.43383,18.16217
Forsmark,2010,2,2008,0.04,0.01,0.12,60.43383,18.16217
Forsmark,2010,3,2007,0.35,0.19,0.53,60.43383,18.16217
Forsmark,2010,4,2006,0.83,0.64,1.01,60.43383,18.16217
Forsmark,2010,plusgroup,2005,0.83,0.64,1.01,60.43383,18.16217
Forsmark,2011,1,2010,0.02,0,0.4,60.43383,18.16217
Forsmark,2011,2,2009,0.1,0.02,0.28,60.43383,18.16217
Forsmark,2011,3,2008,0.46,0.29,0.64,60.43383,18.16217
Forsmark,2011,4,2007,0.98,0.79,1.23,60.43383,18.16217
Forsmark,2011,plusgroup,2006,0.98,0.79,1.23,60.43383,18.16217
Forsmark,2012,1,2011,0.04,0,0.19,60.43383,18.16217
Forsmark,2012,2,2010,0.45,0.11,0.75,60.43383,18.16217
Forsmark,2012,3,2009,0.68,0.49,0.88,60.43383,18.16217
Forsmark,2012,4,2008,1.07,0.87,1.29,60.43383,18.16217
Forsmark,2012,plusgroup,2007,1.07,0.87,1.29,60.43383,18.16217
Forsmark,2013,1,2012,0.01,0,0.08,60.43383,18.16217
Forsmark,2013,2,2011,0.14,0.04,0.3,60.43383,18.16217
Forsmark,2013,3,2010,0.7,0.47,1.03,60.43383,18.16217
Forsmark,2013,4,2009,1.05,0.85,1.26,60.43383,18.16217
Forsmark,2013,plusgroup,2008,1.05,0.85,1.26,60.43383,18.16217
Forsmark,2014,1,2013,0.03,0,0.18,60.43383,18.16217
Forsmark,2014,2,2012,1.03,0.69,1.32,60.43383,18.16217
Forsmark,2014,3,2011,1.02,0.81,1.24,60.43383,18.16217
Forsmark,2014,4,2010,1.3,1.05,1.57,60.43383,18.16217
Forsmark,2014,plusgroup,2009,1.3,1.05,1.57,60.43383,18.16217
Forsmark,2015,1,2014,0,0,0.03,60.43383,18.16217
Forsmark,2015,2,2013,0.14,0.04,0.3,60.43383,18.16217
Forsmark,2015,3,2012,0.88,0.62,1.29,60.43383,18.16217
Forsmark,2015,4,2011,1.29,1.07,1.53,60.43383,18.16217
Forsmark,2015,plusgroup,2010,1.29,1.07,1.53,60.43383,18.16217
Forsmark,2016,1,2015,0.01,0,0.05,60.43383,18.16217
Forsmark,2016,2,2014,0.34,0.08,0.62,60.43383,18.16217
Forsmark,2016,3,2013,0.88,0.68,1.1,60.43383,18.16217
Forsmark,2016,4,2012,1.43,1.16,1.81,60.43383,18.16217
Forsmark,2016,plusgroup,2011,1.43,1.16,1.81,60.43383,18.16217
Forsmark,2017,1,2016,0.01,0,0.09,60.43383,18.16217
Forsmark,2017,2,2015,0.23,0.06,0.45,60.43383,18.16217
Forsmark,2017,3,2014,0.85,0.62,1.15,60.43383,18.16217
Forsmark,2017,4,2013,1.35,1.09,1.63,60.43383,18.16217
Forsmark,2017,plusgroup,2012,1.35,1.09,1.63,60.43383,18.16217
Forsmark,2018,1,2017,0.02,0,0.11,60.43383,18.16217
Forsmark,2018,2,2016,0.22,0.05,0.56,60.43383,18.16217
Forsmark,2018,3,2015,0.76,0.54,1.01,60.43383,18.16217
Forsmark,2018,4,2014,1.33,1.06,1.6,60.43383,18.16217
Forsmark,2018,plusgroup,2013,1.33,1.06,1.6,60.43383,18.16217
Forsmark,2019,1,2018,0.53,0.25,0.79,60.43383,18.16217
Forsmark,2019,2,2017,1.67,1.3,2.04,60.43383,18.16217
Forsmark,2019,3,2016,1.13,0.75,1.57,60.43383,18.16217
Forsmark,2019,4,2015,1.7,1.4,2.08,60.43383,18.16217
Forsmark,2019,plusgroup,2014,1.7,1.4,2.08,60.43383,18.16217
Forsmark,2020,1,2019,0.01,0,0.07,60.43383,18.16217
Forsmark,2020,2,2018,0.08,0.01,0.25,60.43383,18.16217
Forsmark,2020,3,2017,0.52,0.26,0.79,60.43383,18.16217
Forsmark,2020,4,2016,1.16,0.75,1.5,60.43383,18.16217
Forsmark,2020,plusgroup,2015,1.16,0.75,1.5,60.43383,18.16217
Forsmark,2021,1,2020,0.12,0.01,0.46,60.43383,18.16217
Forsmark,2021,2,2019,1.18,0.9,1.44,60.43383,18.16217
Forsmark,2021,3,2018,1.3,1.03,1.57,60.43383,18.16217
Forsmark,2021,4,2017,1.84,1.46,2.39,60.43383,18.16217
Forsmark,2021,plusgroup,2016,1.84,1.46,2.39,60.43383,18.16217
Forsmark,2022,1,2021,0.05,0,0.23,60.43383,18.16217
Forsmark,2022,2,2020,1.02,0.64,1.42,60.43383,18.16217
Forsmark,2022,3,2019,1.83,1.38,2.43,60.43383,18.16217
Forsmark,2022,4,2018,2.2,1.72,2.87,60.43383,18.16217
Forsmark,2022,plusgroup,2017,2.2,1.72,2.87,60.43383,18.16217
Forsmark,2023,1,2022,0.01,0,0.09,60.43383,18.16217
Forsmark,2023,2,2021,0.51,0.21,0.79,60.43383,18.16217
Forsmark,2023,3,2020,1.44,1.04,1.96,60.43383,18.16217
Forsmark,2023,4,2019,1.86,1.39,2.45,60.43383,18.16217
Forsmark,2023,plusgroup,2018,1.86,1.39,2.45,60.43383,18.16217
Forsmark,2024,1,2023,0,0,0.03,60.43383,18.16217
Forsmark,2024,2,2022,0.1,0.01,0.32,60.43383,18.16217
Forsmark,2024,3,2021,1,0.68,1.35,60.43383,18.16217
Forsmark,2024,4,2020,1.51,0.96,2.15,60.43383,18.16217
Forsmark,2024,plusgroup,2019,1.51,0.96,2.15,60.43383,18.16217
Finbo(Åland),2007,1,2006,0.3,0.13,0.5,60.25,19.58333
Finbo(Åland),2007,2,2005,0.07,0.02,0.19,60.25,19.58333
Finbo(Åland),2007,3,2004,0.11,0.03,0.32,60.25,19.58333
Finbo(Åland),2007,4,2003,0.35,0.22,0.53,60.25,19.58333
Finbo(Åland),2007,5,2002,0.51,0.28,0.75,60.25,19.58333
Finbo(Åland),2007,6,2001,0.63,0.37,0.9,60.25,19.58333
Finbo(Åland),2007,7,2000,0.91,0.6,1.26,60.25,19.58333
Finbo(Åland),2007,plusgroup,1999,0.91,0.6,1.26,60.25,19.58333
Finbo(Åland),2008,1,2007,0.57,0.31,0.83,60.25,19.58333
Finbo(Åland),2008,2,2006,0.09,0.01,0.26,60.25,19.58333
Finbo(Åland),2008,3,2005,0.09,0.02,0.2,60.25,19.58333
Finbo(Åland),2008,4,2004,0.34,0.22,0.47,60.25,19.58333
Finbo(Åland),2008,5,2003,0.57,0.35,0.84,60.25,19.58333
Finbo(Åland),2008,6,2002,0.71,0.47,0.98,60.25,19.58333
Finbo(Åland),2008,7,2001,0.97,0.71,1.23,60.25,19.58333
Finbo(Åland),2008,plusgroup,2000,0.97,0.71,1.23,60.25,19.58333
Finbo(Åland),2009,1,2008,0.15,0.05,0.31,60.25,19.58333
Finbo(Åland),2009,2,2007,0.01,0,0.08,60.25,19.58333
Finbo(Åland),2009,3,2006,0.04,0,0.13,60.25,19.58333
Finbo(Åland),2009,4,2005,0.31,0.19,0.42,60.25,19.58333
Finbo(Åland),2009,5,2004,0.55,0.34,0.78,60.25,19.58333
Finbo(Åland),2009,6,2003,0.85,0.55,1.37,60.25,19.58333
Finbo(Åland),2009,7,2002,1.09,0.85,1.4,60.25,19.58333
Finbo(Åland),2009,plusgroup,2001,1.09,0.85,1.4,60.25,19.58333
Finbo(Åland),2010,1,2009,0.27,0.07,0.55,60.25,19.58333
Finbo(Åland),2010,2,2008,0.03,0,0.11,60.25,19.58333
Finbo(Åland),2010,3,2007,0.06,0.01,0.17,60.25,19.58333
Finbo(Åland),2010,4,2006,0.35,0.24,0.48,60.25,19.58333
Finbo(Åland),2010,5,2005,0.81,0.55,1.11,60.25,19.58333
Finbo(Åland),2010,6,2004,0.98,0.63,1.49,60.25,19.58333
Finbo(Åland),2010,7,2003,1.21,0.92,1.67,60.25,19.58333
Finbo(Åland),2010,plusgroup,2002,1.21,0.92,1.67,60.25,19.58333
Finbo(Åland),2011,1,2010,0.07,0.01,0.19,60.25,19.58333
Finbo(Åland),2011,2,2009,0,0,0.04,60.25,19.58333
Finbo(Åland),2011,3,2008,0.02,0,0.07,60.25,19.58333
Finbo(Åland),2011,4,2007,0.28,0.15,0.39,60.25,19.58333
Finbo(Åland),2011,5,2006,0.45,0.26,0.66,60.25,19.58333
Finbo(Åland),2011,6,2005,0.55,0.3,0.78,60.25,19.58333
Finbo(Åland),2011,7,2004,0.8,0.5,1.06,60.25,19.58333
Finbo(Åland),2011,plusgroup,2003,0.8,0.5,1.06,60.25,19.58333
Finbo(Åland),2012,1,2011,0.07,0.01,0.17,60.25,19.58333
Finbo(Åland),2012,2,2010,0.01,0,0.04,60.25,19.58333
Finbo(Åland),2012,3,2009,0.02,0,0.08,60.25,19.58333
Finbo(Åland),2012,4,2008,0.28,0.15,0.39,60.25,19.58333
Finbo(Åland),2012,5,2007,0.46,0.28,0.65,60.25,19.58333
Finbo(Åland),2012,6,2006,0.6,0.38,0.92,60.25,19.58333
Finbo(Åland),2012,7,2005,0.9,0.65,1.28,60.25,19.58333
Finbo(Åland),2012,plusgroup,2004,0.9,0.65,1.28,60.25,19.58333
Finbo(Åland),2013,1,2012,0.15,0.03,0.4,60.25,19.58333
Finbo(Åland),2013,2,2011,0.02,0,0.09,60.25,19.58333
Finbo(Åland),2013,3,2010,0.04,0,0.11,60.25,19.58333
Finbo(Åland),2013,4,2009,0.3,0.18,0.41,60.25,19.58333
Finbo(Åland),2013,5,2008,0.39,0.22,0.57,60.25,19.58333
Finbo(Åland),2013,6,2007,0.42,0.21,0.63,60.25,19.58333
Finbo(Åland),2013,7,2006,0.69,0.44,0.91,60.25,19.58333
Finbo(Åland),2013,plusgroup,2005,0.69,0.44,0.91,60.25,19.58333
Finbo(Åland),2014,1,2013,0.67,0.4,0.93,60.25,19.58333
Finbo(Åland),2014,2,2012,0.33,0.03,0.64,60.25,19.58333
Finbo(Åland),2014,3,2011,0.19,0.05,0.41,60.25,19.58333
Finbo(Åland),2014,4,2010,0.37,0.26,0.49,60.25,19.58333
Finbo(Åland),2014,5,2009,0.67,0.43,0.97,60.25,19.58333
Finbo(Åland),2014,6,2008,0.68,0.45,0.99,60.25,19.58333
Finbo(Åland),2014,7,2007,0.9,0.69,1.2,60.25,19.58333
Finbo(Åland),2014,plusgroup,2006,0.9,0.69,1.2,60.25,19.58333
Finbo(Åland),2015,1,2014,0.38,0.18,0.6,60.25,19.58333
Finbo(Åland),2015,2,2013,0.08,0.01,0.24,60.25,19.58333
Finbo(Åland),2015,3,2012,0.11,0.02,0.35,60.25,19.58333
Finbo(Åland),2015,4,2011,0.34,0.23,0.46,60.25,19.58333
Finbo(Åland),2015,5,2010,0.46,0.28,0.65,60.25,19.58333
Finbo(Åland),2015,6,2009,0.54,0.32,0.89,60.25,19.58333
Finbo(Åland),2015,7,2008,0.75,0.53,0.94,60.25,19.58333
Finbo(Åland),2015,plusgroup,2007,0.75,0.53,0.94,60.25,19.58333
Finbo(Åland),2016,1,2015,0.44,0.2,0.71,60.25,19.58333
Finbo(Åland),2016,2,2014,0.06,0,0.23,60.25,19.58333
Finbo(Åland),2016,3,2013,0.09,0.01,0.29,60.25,19.58333
Finbo(Åland),2016,4,2012,0.33,0.22,0.46,60.25,19.58333
Finbo(Åland),2016,5,2011,0.38,0.21,0.55,60.25,19.58333
Finbo(Åland),2016,6,2010,0.45,0.25,0.66,60.25,19.58333
Finbo(Åland),2016,7,2009,0.75,0.55,0.98,60.25,19.58333
Finbo(Åland),2016,plusgroup,2008,0.75,0.55,0.98,60.25,19.58333
Finbo(Åland),2017,1,2016,0.16,0.04,0.35,60.25,19.58333
Finbo(Åland),2017,2,2015,0.01,0,0.08,60.25,19.58333
Finbo(Åland),2017,3,2014,0.03,0,0.11,60.25,19.58333
Finbo(Åland),2017,4,2013,0.28,0.15,0.39,60.25,19.58333
Finbo(Åland),2017,5,2012,0.25,0.11,0.43,60.25,19.58333
Finbo(Åland),2017,6,2011,0.29,0.12,0.5,60.25,19.58333
Finbo(Åland),2017,7,2010,0.59,0.37,0.79,60.25,19.58333
Finbo(Åland),2017,plusgroup,2009,0.59,0.37,0.79,60.25,19.58333
Finbo(Åland),2018,1,2017,0.21,0.05,0.45,60.25,19.58333
Finbo(Åland),2018,2,2016,0.01,0,0.08,60.25,19.58333
Finbo(Åland),2018,3,2015,0.04,0,0.13,60.25,19.58333
Finbo(Åland),2018,4,2014,0.3,0.17,0.4,60.25,19.58333
Finbo(Åland),2018,5,2013,0.35,0.18,0.54,60.25,19.58333
Finbo(Åland),2018,6,2012,0.43,0.22,0.64,60.25,19.58333
Finbo(Åland),2018,7,2011,0.82,0.61,1.06,60.25,19.58333
Finbo(Åland),2018,plusgroup,2010,0.82,0.61,1.06,60.25,19.58333
Finbo(Åland),2019,1,2018,0.3,0.12,0.51,60.25,19.58333
Finbo(Åland),2019,2,2017,0.02,0,0.15,60.25,19.58333
Finbo(Åland),2019,3,2016,0.08,0.01,0.2,60.25,19.58333
Finbo(Åland),2019,4,2015,0.37,0.26,0.53,60.25,19.58333
Finbo(Åland),2019,5,2014,0.69,0.47,0.94,60.25,19.58333
Finbo(Åland),2019,6,2013,0.85,0.53,1.34,60.25,19.58333
Finbo(Åland),2019,7,2012,1.13,0.89,1.53,60.25,19.58333
Finbo(Åland),2019,plusgroup,2011,1.13,0.89,1.53,60.25,19.58333
Finbo(Åland),2020,1,2019,1.04,0.76,1.3,60.25,19.58333
Finbo(Åland),2020,2,2018,0.07,0.01,0.19,60.25,19.58333
Finbo(Åland),2020,3,2017,0.13,0.02,0.33,60.25,19.58333
Finbo(Åland),2020,4,2016,0.38,0.28,0.55,60.25,19.58333
Finbo(Åland),2020,5,2015,0.74,0.52,1.01,60.25,19.58333
Finbo(Åland),2020,6,2014,0.7,0.45,1.08,60.25,19.58333
Finbo(Åland),2020,7,2013,0.96,0.64,1.21,60.25,19.58333
Finbo(Åland),2020,plusgroup,2012,0.96,0.64,1.21,60.25,19.58333
Finbo(Åland),2021,1,2020,0.34,0.14,0.58,60.25,19.58333
Finbo(Åland),2021,2,2019,0.02,0,0.13,60.25,19.58333
Finbo(Åland),2021,3,2018,0.07,0.01,0.18,60.25,19.58333
Finbo(Åland),2021,4,2017,0.34,0.23,0.46,60.25,19.58333
Finbo(Åland),2021,5,2016,0.65,0.43,0.91,60.25,19.58333
Finbo(Åland),2021,6,2015,0.55,0.31,0.81,60.25,19.58333
Finbo(Åland),2021,7,2014,0.97,0.68,1.24,60.25,19.58333
Finbo(Åland),2021,plusgroup,2013,0.97,0.68,1.24,60.25,19.58333
Finbo(Åland),2022,1,2021,0.26,0.07,0.5,60.25,19.58333
Finbo(Åland),2022,2,2020,0.02,0,0.12,60.25,19.58333
Finbo(Åland),2022,3,2019,0.07,0.01,0.2,60.25,19.58333
Finbo(Åland),2022,4,2018,0.34,0.22,0.45,60.25,19.58333
Finbo(Åland),2022,5,2017,0.66,0.44,0.92,60.25,19.58333
Finbo(Åland),2022,6,2016,0.59,0.34,0.87,60.25,19.58333
Finbo(Åland),2022,7,2015,1.19,0.9,1.64,60.25,19.58333
Finbo(Åland),2022,plusgroup,2014,1.19,0.9,1.64,60.25,19.58333
Finbo(Åland),2023,1,2022,0.29,0.1,0.56,60.25,19.58333
Finbo(Åland),2023,2,2021,0.06,0.01,0.19,60.25,19.58333
Finbo(Åland),2023,3,2020,0.13,0.02,0.31,60.25,19.58333
Finbo(Åland),2023,4,2019,0.39,0.27,0.62,60.25,19.58333
Finbo(Åland),2023,5,2018,0.81,0.56,1.09,60.25,19.58333
Finbo(Åland),2023,6,2017,0.58,0.32,0.86,60.25,19.58333
Finbo(Åland),2023,7,2016,1.28,0.95,1.71,60.25,19.58333
Finbo(Åland),2023,plusgroup,2015,1.28,0.95,1.71,60.25,19.58333
Finbo(Åland),2024,1,2023,0.92,0.58,1.27,60.25,19.58333
Finbo(Åland),2024,2,2022,0.89,0.48,1.23,60.25,19.58333
Finbo(Åland),2024,3,2021,0.46,0.15,0.78,60.25,19.58333
Finbo(Åland),2024,4,2020,0.44,0.3,0.67,60.25,19.58333
Finbo(Åland),2024,5,2019,1.08,0.7,1.55,60.25,19.58333
Finbo(Åland),2024,6,2018,0.64,0.32,0.94,60.25,19.58333
Finbo(Åland),2024,7,2017,1.52,1.04,2.24,60.25,19.58333
Finbo(Åland),2024,plusgroup,2016,1.52,1.04,2.24,60.25,19.58333
Kumlinge(Åland),2007,1,2006,0.06,0.01,0.2,60.21667,20.81667
Kumlinge(Åland),2007,2,2005,0.46,0.16,0.76,60.21667,20.81667
Kumlinge(Åland),2007,3,2004,0.81,0.52,1.24,60.21667,20.81667
Kumlinge(Åland),2007,4,2003,1.69,1.4,2.05,60.21667,20.81667
Kumlinge(Åland),2007,plusgroup,2002,1.69,1.4,2.05,60.21667,20.81667
Kumlinge(Åland),2008,1,2007,0.01,0,0.04,60.21667,20.81667
Kumlinge(Åland),2008,2,2006,0.04,0,0.16,60.21667,20.81667
Kumlinge(Åland),2008,3,2005,0.66,0.44,0.86,60.21667,20.81667
Kumlinge(Åland),2008,4,2004,1.51,1.19,1.9,60.21667,20.81667
Kumlinge(Åland),2008,plusgroup,2003,1.51,1.19,1.9,60.21667,20.81667
Kumlinge(Åland),2009,1,2008,0,0,0.02,60.21667,20.81667
Kumlinge(Åland),2009,2,2007,0.01,0,0.04,60.21667,20.81667
Kumlinge(Åland),2009,3,2006,0.54,0.32,0.72,60.21667,20.81667
Kumlinge(Åland),2009,4,2005,1.32,1,1.59,60.21667,20.81667
Kumlinge(Åland),2009,plusgroup,2004,1.32,1,1.59,60.21667,20.81667
Kumlinge(Åland),2010,1,2009,0,0,0.03,60.21667,20.81667
Kumlinge(Åland),2010,2,2008,0.01,0,0.06,60.21667,20.81667
Kumlinge(Åland),2010,3,2007,0.75,0.55,1.08,60.21667,20.81667
Kumlinge(Åland),2010,4,2006,1.53,1.27,1.86,60.21667,20.81667
Kumlinge(Åland),2010,plusgroup,2005,1.53,1.27,1.86,60.21667,20.81667
Kumlinge(Åland),2011,1,2010,0,0,0.08,60.21667,20.81667
Kumlinge(Åland),2011,2,2009,0.03,0,0.39,60.21667,20.81667
Kumlinge(Åland),2011,3,2008,0.8,0.54,1.54,60.21667,20.81667
Kumlinge(Åland),2011,4,2007,1.62,1.16,2.57,60.21667,20.81667
Kumlinge(Åland),2011,plusgroup,2006,1.62,1.16,2.57,60.21667,20.81667
Kumlinge(Åland),2012,1,2011,0.01,0,0.13,60.21667,20.81667
Kumlinge(Åland),2012,2,2010,0.05,0,0.39,60.21667,20.81667
Kumlinge(Åland),2012,3,2009,0.83,0.57,1.54,60.21667,20.81667
Kumlinge(Åland),2012,4,2008,1.67,1.24,2.69,60.21667,20.81667
Kumlinge(Åland),2012,plusgroup,2007,1.67,1.24,2.69,60.21667,20.81667
Kumlinge(Åland),2013,1,2012,0.01,0,0.18,60.21667,20.81667
Kumlinge(Åland),2013,2,2011,0.07,0,0.52,60.21667,20.81667
Kumlinge(Åland),2013,3,2010,0.83,0.6,1.16,60.21667,20.81667
Kumlinge(Åland),2013,4,2009,1.62,1.25,2.25,60.21667,20.81667
Kumlinge(Åland),2013,plusgroup,2008,1.62,1.25,2.25,60.21667,20.81667
Kumlinge(Åland),2014,1,2013,0.01,0,0.2,60.21667,20.81667
Kumlinge(Åland),2014,2,2012,0.09,0,0.39,60.21667,20.81667
Kumlinge(Åland),2014,3,2011,0.71,0.5,0.98,60.21667,20.81667
Kumlinge(Åland),2014,4,2010,1.36,1.07,1.61,60.21667,20.81667
Kumlinge(Åland),2014,plusgroup,2009,1.36,1.07,1.61,60.21667,20.81667
Kumlinge(Åland),2015,1,2014,0.01,0,0.06,60.21667,20.81667
Kumlinge(Åland),2015,2,2013,0.08,0,0.33,60.21667,20.81667
Kumlinge(Åland),2015,3,2012,0.63,0.41,0.83,60.21667,20.81667
Kumlinge(Åland),2015,4,2011,1.32,1.01,1.58,60.21667,20.81667
Kumlinge(Åland),2015,plusgroup,2010,1.32,1.01,1.58,60.21667,20.81667
Kumlinge(Åland),2016,1,2015,0.01,0,0.07,60.21667,20.81667
Kumlinge(Åland),2016,2,2014,0.07,0.01,0.21,60.21667,20.81667
Kumlinge(Åland),2016,3,2013,0.65,0.44,0.85,60.21667,20.81667
Kumlinge(Åland),2016,4,2012,1.71,1.39,2.35,60.21667,20.81667
Kumlinge(Åland),2016,plusgroup,2011,1.71,1.39,2.35,60.21667,20.81667
Kumlinge(Åland),2017,1,2016,0.04,0,0.58,60.21667,20.81667
Kumlinge(Åland),2017,2,2015,0.67,0.31,1.01,60.21667,20.81667
Kumlinge(Åland),2017,3,2014,0.63,0.36,0.86,60.21667,20.81667
Kumlinge(Åland),2017,4,2013,1.56,1.24,1.83,60.21667,20.81667
Kumlinge(Åland),2017,plusgroup,2012,1.56,1.24,1.83,60.21667,20.81667
Kumlinge(Åland),2018,1,2017,0.02,0,0.19,60.21667,20.81667
Kumlinge(Åland),2018,2,2016,0.5,0.16,0.78,60.21667,20.81667
Kumlinge(Åland),2018,3,2015,0.67,0.35,0.98,60.21667,20.81667
Kumlinge(Åland),2018,4,2014,2.04,1.52,2.81,60.21667,20.81667
Kumlinge(Åland),2018,plusgroup,2013,2.04,1.52,2.81,60.21667,20.81667
Lagnö,2004,1,2003,0.09,0.03,0.24,59.56567,18.83967
Lagnö,2004,2,2002,0.18,0.06,0.37,59.56567,18.83967
Lagnö,2004,3,2001,0.2,0.09,0.39,59.56567,18.83967
Lagnö,2004,4,2000,0.8,0.54,1.08,59.56567,18.83967
Lagnö,2004,plusgroup,1999,0.8,0.54,1.08,59.56567,18.83967
Lagnö,2005,1,2004,0.14,0.03,0.39,59.56567,18.83967
Lagnö,2005,2,2003,0.25,0.11,0.47,59.56567,18.83967
Lagnö,2005,3,2002,0.37,0.19,0.61,59.56567,18.83967
Lagnö,2005,4,2001,1.14,0.9,1.43,59.56567,18.83967
Lagnö,2005,plusgroup,2000,1.14,0.9,1.43,59.56567,18.83967
Lagnö,2006,1,2005,0.16,0.02,0.57,59.56567,18.83967
Lagnö,2006,2,2004,0.25,0.11,0.43,59.56567,18.83967
Lagnö,2006,3,2003,0.48,0.27,0.73,59.56567,18.83967
Lagnö,2006,4,2002,1.2,0.91,1.47,59.56567,18.83967
Lagnö,2006,plusgroup,2001,1.2,0.91,1.47,59.56567,18.83967
Lagnö,2007,1,2006,0.17,0.03,0.41,59.56567,18.83967
Lagnö,2007,2,2005,0.44,0.21,0.72,59.56567,18.83967
Lagnö,2007,3,2004,1.55,1.15,1.97,59.56567,18.83967
Lagnö,2007,4,2003,2.55,1.95,3.34,59.56567,18.83967
Lagnö,2007,plusgroup,2002,2.55,1.95,3.34,59.56567,18.83967
Lagnö,2008,1,2007,0.08,0.01,0.26,59.56567,18.83967
Lagnö,2008,2,2006,0.31,0.14,0.55,59.56567,18.83967
Lagnö,2008,3,2005,0.97,0.63,1.34,59.56567,18.83967
Lagnö,2008,4,2004,1.73,1.29,2.19,59.56567,18.83967
Lagnö,2008,plusgroup,2003,1.73,1.29,2.19,59.56567,18.83967
Lagnö,2009,1,2008,0.02,0,0.09,59.56567,18.83967
Lagnö,2009,2,2007,0.13,0.05,0.25,59.56567,18.83967
Lagnö,2009,3,2006,0.51,0.29,0.76,59.56567,18.83967
Lagnö,2009,4,2005,1.51,1.11,2.02,59.56567,18.83967
Lagnö,2009,plusgroup,2004,1.51,1.11,2.02,59.56567,18.83967
Lagnö,2010,1,2009,0.02,0,0.1,59.56567,18.83967
Lagnö,2010,2,2008,0.14,0.06,0.25,59.56567,18.83967
Lagnö,2010,3,2007,0.49,0.27,0.75,59.56567,18.83967
Lagnö,2010,4,2006,1.35,1.04,1.68,59.56567,18.83967
Lagnö,2010,plusgroup,2005,1.35,1.04,1.68,59.56567,18.83967
Lagnö,2011,1,2010,0.08,0,0.62,59.56567,18.83967
Lagnö,2011,2,2009,0.35,0.17,0.58,59.56567,18.83967
Lagnö,2011,3,2008,0.7,0.46,0.96,59.56567,18.83967
Lagnö,2011,4,2007,1.52,1.18,1.86,59.56567,18.83967
Lagnö,2011,plusgroup,2006,1.52,1.18,1.86,59.56567,18.83967
Lagnö,2012,1,2011,0.08,0.01,0.23,59.56567,18.83967
Lagnö,2012,2,2010,0.63,0.34,0.99,59.56567,18.83967
Lagnö,2012,3,2009,1.01,0.69,1.34,59.56567,18.83967
Lagnö,2012,4,2008,1.88,1.51,2.29,59.56567,18.83967
Lagnö,2012,plusgroup,2007,1.88,1.51,2.29,59.56567,18.83967
Lagnö,2013,1,2012,0.06,0.01,0.18,59.56567,18.83967
Lagnö,2013,2,2011,0.62,0.4,0.87,59.56567,18.83967
Lagnö,2013,3,2010,1.57,1.09,2.08,59.56567,18.83967
Lagnö,2013,4,2009,2.13,1.66,2.72,59.56567,18.83967
Lagnö,2013,plusgroup,2008,2.13,1.66,2.72,59.56567,18.83967
Lagnö,2014,1,2013,0.04,0,0.15,59.56567,18.83967
Lagnö,2014,2,2012,0.49,0.27,0.74,59.56567,18.83967
Lagnö,2014,3,2011,0.81,0.52,1.11,59.56567,18.83967
Lagnö,2014,4,2010,1.71,1.2,2.25,59.56567,18.83967
Lagnö,2014,plusgroup,2009,1.71,1.2,2.25,59.56567,18.83967
Lagnö,2015,1,2014,0.08,0.01,0.31,59.56567,18.83967
Lagnö,2015,2,2013,1.09,0.72,1.46,59.56567,18.83967
Lagnö,2015,3,2012,1.76,1.29,2.3,59.56567,18.83967
Lagnö,2015,4,2011,2.57,2.03,3.22,59.56567,18.83967
Lagnö,2015,plusgroup,2010,2.57,2.03,3.22,59.56567,18.83967
Lagnö,2016,1,2015,0.03,0,0.11,59.56567,18.83967
Lagnö,2016,2,2014,0.53,0.3,0.79,59.56567,18.83967
Lagnö,2016,3,2013,0.91,0.54,1.32,59.56567,18.83967
Lagnö,2016,4,2012,2.24,1.6,3.16,59.56567,18.83967
Lagnö,2016,plusgroup,2011,2.24,1.6,3.16,59.56567,18.83967
Lagnö,2017,1,2016,0.02,0,0.08,59.56567,18.83967
Lagnö,2017,2,2015,0.49,0.28,0.72,59.56567,18.83967
Lagnö,2017,3,2014,1.06,0.69,1.46,59.56567,18.83967
Lagnö,2017,4,2013,2.29,1.61,3.23,59.56567,18.83967
Lagnö,2017,plusgroup,2012,2.29,1.61,3.23,59.56567,18.83967
Lagnö,2018,1,2017,0.09,0.01,0.26,59.56567,18.83967
Lagnö,2018,2,2016,1.52,1.18,1.87,59.56567,18.83967
Lagnö,2018,3,2015,2.14,1.62,2.72,59.56567,18.83967
Lagnö,2018,4,2014,3.07,2.21,4.63,59.56567,18.83967
Lagnö,2018,plusgroup,2013,3.07,2.21,4.63,59.56567,18.83967
Lagnö,2019,1,2018,0.11,0.02,0.26,59.56567,18.83967
Lagnö,2019,2,2017,1.58,1.25,1.92,59.56567,18.83967
Lagnö,2019,3,2016,1.97,1.46,2.53,59.56567,18.83967
Lagnö,2019,4,2015,2.44,1.68,3.41,59.56567,18.83967
Lagnö,2019,plusgroup,2014,2.44,1.68,3.41,59.56567,18.83967
Lagnö,2020,1,2019,0.32,0.06,0.75,59.56567,18.83967
Lagnö,2020,2,2018,2.04,1.67,2.41,59.56567,18.83967
Lagnö,2020,3,2017,3.3,2.21,5.26,59.56567,18.83967
Lagnö,2020,4,2016,2.79,1.88,4.05,59.56567,18.83967
Lagnö,2020,plusgroup,2015,2.79,1.88,4.05,59.56567,18.83967
Lagnö,2021,1,2020,0.23,0.05,0.5,59.56567,18.83967
Lagnö,2021,2,2019,1.98,1.52,2.43,59.56567,18.83967
Lagnö,2021,3,2018,1.71,1.16,2.33,59.56567,18.83967
Lagnö,2021,4,2017,2.16,1.31,3.31,59.56567,18.83967
Lagnö,2021,plusgroup,2016,2.16,1.31,3.31,59.56567,18.83967
Lagnö,2022,1,2021,0.22,0.04,0.49,59.56567,18.83967
Lagnö,2022,2,2020,1.9,1.5,2.3,59.56567,18.83967
Lagnö,2022,3,2019,1.63,1.08,2.32,59.56567,18.83967
Lagnö,2022,4,2018,2.03,1.27,3.05,59.56567,18.83967
Lagnö,2022,plusgroup,2017,2.03,1.27,3.05,59.56567,18.83967
Lagnö,2023,1,2022,0.24,0.04,0.52,59.56567,18.83967
Lagnö,2023,2,2021,2.39,2,2.82,59.56567,18.83967
Lagnö,2023,3,2020,1.76,1.19,2.41,59.56567,18.83967
Lagnö,2023,4,2019,2.29,1.42,3.66,59.56567,18.83967
Lagnö,2023,plusgroup,2018,2.29,1.42,3.66,59.56567,18.83967
Lagnö,2024,1,2023,0.18,0.02,0.51,59.56567,18.83967
Lagnö,2024,2,2022,1.45,1.08,1.83,59.56567,18.83967
Lagnö,2024,3,2021,1.33,0.78,1.96,59.56567,18.83967
Lagnö,2024,4,2020,2.01,1.11,3.35,59.56567,18.83967
Lagnö,2024,plusgroup,2019,2.01,1.11,3.35,59.56567,18.83967
Askrikefjärden (Vaxholm),2016,1,2015,0.12,0.04,0.27,59.38167,18.26667
Askrikefjärden (Vaxholm),2016,2,2014,0.16,0.05,0.36,59.38167,18.26667
Askrikefjärden (Vaxholm),2016,3,2013,0.23,0.09,0.43,59.38167,18.26667
Askrikefjärden (Vaxholm),2016,4,2012,0.47,0.18,0.8,59.38167,18.26667
Askrikefjärden (Vaxholm),2016,5,2011,0.41,0.13,0.83,59.38167,18.26667
Askrikefjärden (Vaxholm),2016,6,2010,0.51,0.21,0.86,59.38167,18.26667
Askrikefjärden (Vaxholm),2016,7,2009,0.66,0.43,0.92,59.38167,18.26667
Askrikefjärden (Vaxholm),2016,plusgroup,2008,0.66,0.43,0.92,59.38167,18.26667
Askrikefjärden (Vaxholm),2017,1,2016,0.09,0.01,0.27,59.38167,18.26667
Askrikefjärden (Vaxholm),2017,2,2015,0.09,0.02,0.23,59.38167,18.26667
Askrikefjärden (Vaxholm),2017,3,2014,0.13,0.03,0.28,59.38167,18.26667
Askrikefjärden (Vaxholm),2017,4,2013,0.16,0.03,0.4,59.38167,18.26667
Askrikefjärden (Vaxholm),2017,5,2012,0.14,0.03,0.38,59.38167,18.26667
Askrikefjärden (Vaxholm),2017,6,2011,0.38,0.09,0.72,59.38167,18.26667
Askrikefjärden (Vaxholm),2017,7,2010,0.53,0.28,0.74,59.38167,18.26667
Askrikefjärden (Vaxholm),2017,plusgroup,2009,0.53,0.28,0.74,59.38167,18.26667
Askrikefjärden (Vaxholm),2018,1,2017,0.19,0.04,0.5,59.38167,18.26667
Askrikefjärden (Vaxholm),2018,2,2016,0.23,0.07,0.5,59.38167,18.26667
Askrikefjärden (Vaxholm),2018,3,2015,0.29,0.12,0.52,59.38167,18.26667
Askrikefjärden (Vaxholm),2018,4,2014,0.56,0.3,0.83,59.38167,18.26667
Askrikefjärden (Vaxholm),2018,5,2013,0.61,0.26,1.01,59.38167,18.26667
Askrikefjärden (Vaxholm),2018,6,2012,0.65,0.35,1.05,59.38167,18.26667
Askrikefjärden (Vaxholm),2018,7,2011,0.8,0.56,1.12,59.38167,18.26667
Askrikefjärden (Vaxholm),2018,plusgroup,2010,0.8,0.56,1.12,59.38167,18.26667
Askrikefjärden (Vaxholm),2019,1,2018,0.09,0.01,0.31,59.38167,18.26667
Askrikefjärden (Vaxholm),2019,2,2017,0.09,0.01,0.27,59.38167,18.26667
Askrikefjärden (Vaxholm),2019,3,2016,0.15,0.03,0.29,59.38167,18.26667
Askrikefjärden (Vaxholm),2019,4,2015,0.17,0.04,0.4,59.38167,18.26667
Askrikefjärden (Vaxholm),2019,5,2014,0.19,0.04,0.45,59.38167,18.26667
Askrikefjärden (Vaxholm),2019,6,2013,0.43,0.12,0.73,59.38167,18.26667
Askrikefjärden (Vaxholm),2019,7,2012,0.61,0.31,0.84,59.38167,18.26667
Askrikefjärden (Vaxholm),2019,plusgroup,2011,0.61,0.31,0.84,59.38167,18.26667
Askrikefjärden (Vaxholm),2020,1,2019,0.07,0.01,0.19,59.38167,18.26667
Askrikefjärden (Vaxholm),2020,2,2018,0.09,0.02,0.22,59.38167,18.26667
Askrikefjärden (Vaxholm),2020,3,2017,0.25,0.09,0.45,59.38167,18.26667
Askrikefjärden (Vaxholm),2020,4,2016,0.7,0.4,0.99,59.38167,18.26667
Askrikefjärden (Vaxholm),2020,5,2015,1.35,0.89,1.83,59.38167,18.26667
Askrikefjärden (Vaxholm),2020,6,2014,0.86,0.53,1.27,59.38167,18.26667
Askrikefjärden (Vaxholm),2020,7,2013,1.06,0.77,1.52,59.38167,18.26667
Askrikefjärden (Vaxholm),2020,plusgroup,2012,1.06,0.77,1.52,59.38167,18.26667
Askrikefjärden (Vaxholm),2021,1,2020,0.08,0.01,0.26,59.38167,18.26667
Askrikefjärden (Vaxholm),2021,2,2019,0.09,0.01,0.23,59.38167,18.26667
Askrikefjärden (Vaxholm),2021,3,2018,0.2,0.06,0.35,59.38167,18.26667
Askrikefjärden (Vaxholm),2021,4,2017,0.36,0.13,0.65,59.38167,18.26667
Askrikefjärden (Vaxholm),2021,5,2016,0.42,0.16,0.74,59.38167,18.26667
Askrikefjärden (Vaxholm),2021,6,2015,0.57,0.24,0.89,59.38167,18.26667
Askrikefjärden (Vaxholm),2021,7,2014,0.89,0.59,1.38,59.38167,18.26667
Askrikefjärden (Vaxholm),2021,plusgroup,2013,0.89,0.59,1.38,59.38167,18.26667
Askrikefjärden (Vaxholm),2022,1,2021,0.19,0.03,0.54,59.38167,18.26667
Askrikefjärden (Vaxholm),2022,2,2020,0.24,0.05,0.59,59.38167,18.26667
Askrikefjärden (Vaxholm),2022,3,2019,0.44,0.21,0.71,59.38167,18.26667
Askrikefjärden (Vaxholm),2022,4,2018,1.51,1.07,1.93,59.38167,18.26667
Askrikefjärden (Vaxholm),2022,5,2017,1.58,0.94,2.37,59.38167,18.26667
Askrikefjärden (Vaxholm),2022,6,2016,0.8,0.45,1.24,59.38167,18.26667
Askrikefjärden (Vaxholm),2022,7,2015,1.01,0.6,1.4,59.38167,18.26667
Askrikefjärden (Vaxholm),2022,plusgroup,2014,1.01,0.6,1.4,59.38167,18.26667
Askrikefjärden (Vaxholm),2023,1,2022,0.08,0.01,0.21,59.38167,18.26667
Askrikefjärden (Vaxholm),2023,2,2021,0.14,0.02,0.31,59.38167,18.26667
Askrikefjärden (Vaxholm),2023,3,2020,0.39,0.16,0.99,59.38167,18.26667
Askrikefjärden (Vaxholm),2023,4,2019,0.73,0.38,1.12,59.38167,18.26667
Askrikefjärden (Vaxholm),2023,5,2018,1.37,0.77,2.08,59.38167,18.26667
Askrikefjärden (Vaxholm),2023,6,2017,0.84,0.44,1.59,59.38167,18.26667
Askrikefjärden (Vaxholm),2023,7,2016,1.23,0.81,2.12,59.38167,18.26667
Askrikefjärden (Vaxholm),2023,plusgroup,2015,1.23,0.81,2.12,59.38167,18.26667
Askrikefjärden (Vaxholm),2024,1,2023,0.07,0,0.24,59.38167,18.26667
Askrikefjärden (Vaxholm),2024,2,2022,0.12,0.01,0.31,59.38167,18.26667
Askrikefjärden (Vaxholm),2024,3,2021,0.34,0.14,0.62,59.38167,18.26667
Askrikefjärden (Vaxholm),2024,4,2020,0.8,0.27,1.4,59.38167,18.26667
Askrikefjärden (Vaxholm),2024,5,2019,1.03,0.41,1.8,59.38167,18.26667
Askrikefjärden (Vaxholm),2024,6,2018,0.73,0.29,1.29,59.38167,18.26667
Askrikefjärden (Vaxholm),2024,7,2017,1.07,0.6,1.89,59.38167,18.26667
Askrikefjärden (Vaxholm),2024,plusgroup,2016,1.07,0.6,1.89,59.38167,18.26667
Asköfjärden,2005,2,2003,0.41,0.12,0.86,58.81167,17.71833
Asköfjärden,2005,3,2002,0.43,0.15,1.03,58.81167,17.71833
Asköfjärden,2005,4,2001,0.44,0.13,1.2,58.81167,17.71833
Asköfjärden,2005,plusgroup,2000,0.44,0.13,1.2,58.81167,17.71833
Asköfjärden,2006,2,2004,0.78,0.24,1.81,58.81167,17.71833
Asköfjärden,2006,3,2003,0.72,0.34,1.13,58.81167,17.71833
Asköfjärden,2006,4,2002,1.1,0.63,1.53,58.81167,17.71833
Asköfjärden,2006,plusgroup,2001,1.1,0.63,1.53,58.81167,17.71833
Asköfjärden,2007,2,2005,1.63,1.36,1.89,58.81167,17.71833
Asköfjärden,2007,3,2004,1.11,0.66,1.61,58.81167,17.71833
Asköfjärden,2007,4,2003,2.79,2.14,3.56,58.81167,17.71833
Asköfjärden,2007,plusgroup,2002,2.79,2.14,3.56,58.81167,17.71833
Asköfjärden,2008,2,2006,1.44,1.14,1.73,58.81167,17.71833
Asköfjärden,2008,3,2005,0.38,0.19,0.6,58.81167,17.71833
Asköfjärden,2008,4,2004,0.49,0.17,0.88,58.81167,17.71833
Asköfjärden,2008,plusgroup,2003,0.49,0.17,0.88,58.81167,17.71833
Asköfjärden,2009,2,2007,1.03,0.7,1.34,58.81167,17.71833
Asköfjärden,2009,3,2006,0.46,0.23,0.72,58.81167,17.71833
Asköfjärden,2009,4,2005,1.58,1.15,2.03,58.81167,17.71833
Asköfjärden,2009,plusgroup,2004,1.58,1.15,2.03,58.81167,17.71833
Asköfjärden,2010,2,2008,0.18,0.06,0.37,58.81167,17.71833
Asköfjärden,2010,3,2007,0.7,0.39,1.08,58.81167,17.71833
Asköfjärden,2010,4,2006,0.87,0.54,1.22,58.81167,17.71833
Asköfjärden,2010,plusgroup,2005,0.87,0.54,1.22,58.81167,17.71833
Asköfjärden,2011,2,2009,0.1,0.03,0.25,58.81167,17.71833
Asköfjärden,2011,3,2008,0.75,0.49,1.03,58.81167,17.71833
Asköfjärden,2011,4,2007,1.2,0.81,1.6,58.81167,17.71833
Asköfjärden,2011,plusgroup,2006,1.2,0.81,1.6,58.81167,17.71833
Asköfjärden,2012,2,2010,0.16,0.04,0.37,58.81167,17.71833
Asköfjärden,2012,3,2009,1.37,1.01,1.77,58.81167,17.71833
Asköfjärden,2012,4,2008,2.88,2.22,3.75,58.81167,17.71833
Asköfjärden,2012,plusgroup,2007,2.88,2.22,3.75,58.81167,17.71833
Asköfjärden,2013,2,2011,0.2,0.07,0.4,58.81167,17.71833
Asköfjärden,2013,3,2010,0.99,0.69,1.28,58.81167,17.71833
Asköfjärden,2013,4,2009,1.31,0.75,1.96,58.81167,17.71833
Asköfjärden,2013,plusgroup,2008,1.31,0.75,1.96,58.81167,17.71833
Asköfjärden,2014,2,2012,1.56,1.24,1.9,58.81167,17.71833
Asköfjärden,2014,3,2011,2.45,1.96,3.01,58.81167,17.71833
Asköfjärden,2014,4,2010,2.57,1.92,3.37,58.81167,17.71833
Asköfjärden,2014,plusgroup,2009,2.57,1.92,3.37,58.81167,17.71833
Asköfjärden,2015,2,2013,2.36,1.79,2.99,58.81167,17.71833
Asköfjärden,2015,3,2012,3.02,2.25,4.04,58.81167,17.71833
Asköfjärden,2015,4,2011,3.81,1.88,10.53,58.81167,17.71833
Asköfjärden,2015,plusgroup,2010,3.81,1.88,10.53,58.81167,17.71833
Asköfjärden,2016,2,2014,1.97,1.5,2.46,58.81167,17.71833
Asköfjärden,2016,3,2013,1.91,1,3.22,58.81167,17.71833
Asköfjärden,2016,4,2012,1.37,0.48,2.72,58.81167,17.71833
Asköfjärden,2016,plusgroup,2011,1.37,0.48,2.72,58.81167,17.71833
Asköfjärden,2017,2,2015,2.63,1.76,3.75,58.81167,17.71833
Asköfjärden,2017,3,2014,1.82,1.1,2.66,58.81167,17.71833
Asköfjärden,2017,4,2013,2.74,0.82,11,58.81167,17.71833
Asköfjärden,2017,plusgroup,2012,2.74,0.82,11,58.81167,17.71833
Asköfjärden,2018,2,2016,2.07,1.59,2.62,58.81167,17.71833
Asköfjärden,2018,3,2015,2.24,1.04,4.8,58.81167,17.71833
Asköfjärden,2018,4,2014,4.33,1.41,23.45,58.81167,17.71833
Asköfjärden,2018,plusgroup,2013,4.33,1.41,23.45,58.81167,17.71833
Asköfjärden,2019,2,2017,1.5,0.62,2.7,58.81167,17.71833
Asköfjärden,2019,3,2016,1.87,0.97,3.17,58.81167,17.71833
Asköfjärden,2019,4,2015,3.62,0.89,25.05,58.81167,17.71833
Asköfjärden,2019,plusgroup,2014,3.62,0.89,25.05,58.81167,17.71833
Asköfjärden,2020,2,2018,2.45,1.81,3.21,58.81167,17.71833
Asköfjärden,2020,3,2017,2.22,0.91,4.92,58.81167,17.71833
Asköfjärden,2020,4,2016,3.58,0.89,22.7,58.81167,17.71833
Asköfjärden,2020,plusgroup,2015,3.58,0.89,22.7,58.81167,17.71833
Asköfjärden,2021,2,2019,1.95,0.99,3.28,58.81167,17.71833
Asköfjärden,2021,3,2018,1.73,0.8,3.01,58.81167,17.71833
Asköfjärden,2021,4,2017,1.82,0.32,11.76,58.81167,17.71833
Asköfjärden,2021,plusgroup,2016,1.82,0.32,11.76,58.81167,17.71833
Asköfjärden,2022,2,2020,3.35,2.55,4.39,58.81167,17.71833
Asköfjärden,2022,3,2019,2.12,0.77,5.75,58.81167,17.71833
Asköfjärden,2022,4,2018,1.23,0.2,5.28,58.81167,17.71833
Asköfjärden,2022,plusgroup,2017,1.23,0.2,5.28,58.81167,17.71833
Asköfjärden,2023,2,2021,2.73,2.14,3.41,58.81167,17.71833
Asköfjärden,2023,3,2020,2.18,0.62,7.66,58.81167,17.71833
Asköfjärden,2023,4,2019,0.72,0.09,2.56,58.81167,17.71833
Asköfjärden,2023,plusgroup,2018,0.72,0.09,2.56,58.81167,17.71833
Kvädöfjärden,2002,1,2001,1.18,0.75,1.58,58.01667,16.775
Kvädöfjärden,2002,2,2000,1.08,0.49,1.61,58.01667,16.775
Kvädöfjärden,2002,3,1999,1.36,0.9,1.84,58.01667,16.775
Kvädöfjärden,2002,4,1998,0.72,0.27,1.4,58.01667,16.775
Kvädöfjärden,2002,5,1997,1.74,1.21,2.33,58.01667,16.775
Kvädöfjärden,2002,plusgroup,1996,1.74,1.21,2.33,58.01667,16.775
Kvädöfjärden,2003,1,2002,0.52,0.24,0.83,58.01667,16.775
Kvädöfjärden,2003,2,2001,0.54,0.27,0.85,58.01667,16.775
Kvädöfjärden,2003,3,2000,1.35,0.85,2.03,58.01667,16.775
Kvädöfjärden,2003,4,1999,0.74,0.3,1.41,58.01667,16.775
Kvädöfjärden,2003,5,1998,1.2,0.79,1.71,58.01667,16.775
Kvädöfjärden,2003,plusgroup,1997,1.2,0.79,1.71,58.01667,16.775
Kvädöfjärden,2004,1,2003,0.5,0.2,0.84,58.01667,16.775
Kvädöfjärden,2004,2,2002,0.39,0.14,0.64,58.01667,16.775
Kvädöfjärden,2004,3,2001,0.8,0.48,1.17,58.01667,16.775
Kvädöfjärden,2004,4,2000,0.51,0.19,0.91,58.01667,16.775
Kvädöfjärden,2004,5,1999,0.81,0.43,1.2,58.01667,16.775
Kvädöfjärden,2004,plusgroup,1998,0.81,0.43,1.2,58.01667,16.775
Kvädöfjärden,2005,1,2004,0.95,0.57,1.37,58.01667,16.775
Kvädöfjärden,2005,2,2003,0.34,0.11,0.58,58.01667,16.775
Kvädöfjärden,2005,3,2002,0.57,0.31,0.85,58.01667,16.775
Kvädöfjärden,2005,4,2001,0.45,0.16,0.79,58.01667,16.775
Kvädöfjärden,2005,5,2000,0.83,0.45,1.39,58.01667,16.775
Kvädöfjärden,2005,plusgroup,1999,0.83,0.45,1.39,58.01667,16.775
Kvädöfjärden,2006,1,2005,1.16,0.77,1.55,58.01667,16.775
Kvädöfjärden,2006,2,2004,0.3,0.09,0.55,58.01667,16.775
Kvädöfjärden,2006,3,2003,0.49,0.25,0.78,58.01667,16.775
Kvädöfjärden,2006,4,2002,0.42,0.15,0.71,58.01667,16.775
Kvädöfjärden,2006,5,2001,0.65,0.34,1,58.01667,16.775
Kvädöfjärden,2006,plusgroup,2000,0.65,0.34,1,58.01667,16.775
Kvädöfjärden,2007,1,2006,0.74,0.44,1.07,58.01667,16.775
Kvädöfjärden,2007,2,2005,0.36,0.11,0.66,58.01667,16.775
Kvädöfjärden,2007,3,2004,0.69,0.38,1.11,58.01667,16.775
Kvädöfjärden,2007,4,2003,0.58,0.26,1.02,58.01667,16.775
Kvädöfjärden,2007,5,2002,0.64,0.36,0.92,58.01667,16.775
Kvädöfjärden,2007,plusgroup,2001,0.64,0.36,0.92,58.01667,16.775
Kvädöfjärden,2008,1,2007,0.73,0.38,1.12,58.01667,16.775
Kvädöfjärden,2008,2,2006,0.31,0.1,0.53,58.01667,16.775
Kvädöfjärden,2008,3,2005,0.74,0.42,1.1,58.01667,16.775
Kvädöfjärden,2008,4,2004,0.74,0.36,1.45,58.01667,16.775
Kvädöfjärden,2008,5,2003,0.92,0.62,1.36,58.01667,16.775
Kvädöfjärden,2008,plusgroup,2002,0.92,0.62,1.36,58.01667,16.775
Kvädöfjärden,2009,1,2008,0.62,0.3,0.98,58.01667,16.775
Kvädöfjärden,2009,2,2007,0.32,0.1,0.59,58.01667,16.775
Kvädöfjärden,2009,3,2006,0.72,0.42,1.06,58.01667,16.775
Kvädöfjärden,2009,4,2005,0.69,0.35,1.14,58.01667,16.775
Kvädöfjärden,2009,5,2004,0.91,0.59,1.39,58.01667,16.775
Kvädöfjärden,2009,plusgroup,2003,0.91,0.59,1.39,58.01667,16.775
Kvädöfjärden,2010,1,2009,0.4,0.13,0.76,58.01667,16.775
Kvädöfjärden,2010,2,2008,0.26,0.08,0.49,58.01667,16.775
Kvädöfjärden,2010,3,2007,0.57,0.3,0.89,58.01667,16.775
Kvädöfjärden,2010,4,2006,0.61,0.29,0.97,58.01667,16.775
Kvädöfjärden,2010,5,2005,0.84,0.52,1.29,58.01667,16.775
Kvädöfjärden,2010,plusgroup,2004,0.84,0.52,1.29,58.01667,16.775
Kvädöfjärden,2011,1,2010,0.27,0.06,0.57,58.01667,16.775
Kvädöfjärden,2011,2,2009,0.31,0.08,0.6,58.01667,16.775
Kvädöfjärden,2011,3,2008,0.47,0.24,0.72,58.01667,16.775
Kvädöfjärden,2011,4,2007,0.51,0.22,0.84,58.01667,16.775
Kvädöfjärden,2011,5,2006,0.7,0.39,0.99,58.01667,16.775
Kvädöfjärden,2011,plusgroup,2005,0.7,0.39,0.99,58.01667,16.775
Kvädöfjärden,2012,1,2011,0.1,0.02,0.25,58.01667,16.775
Kvädöfjärden,2012,2,2010,0.29,0.08,0.52,58.01667,16.775
Kvädöfjärden,2012,3,2009,0.69,0.38,1.12,58.01667,16.775
Kvädöfjärden,2012,4,2008,0.63,0.34,0.98,58.01667,16.775
Kvädöfjärden,2012,5,2007,0.95,0.61,1.39,58.01667,16.775
Kvädöfjärden,2012,plusgroup,2006,0.95,0.61,1.39,58.01667,16.775
Kvädöfjärden,2013,1,2012,0.09,0.01,0.29,58.01667,16.775
Kvädöfjärden,2013,2,2011,0.27,0.07,0.5,58.01667,16.775
Kvädöfjärden,2013,3,2010,0.53,0.3,0.8,58.01667,16.775
Kvädöfjärden,2013,4,2009,0.66,0.34,1.28,58.01667,16.775
Kvädöfjärden,2013,5,2008,1.14,0.75,1.69,58.01667,16.775
Kvädöfjärden,2013,plusgroup,2007,1.14,0.75,1.69,58.01667,16.775
Kvädöfjärden,2014,1,2013,0.09,0.01,0.37,58.01667,16.775
Kvädöfjärden,2014,2,2012,0.25,0.08,0.47,58.01667,16.775
Kvädöfjärden,2014,3,2011,0.6,0.33,0.92,58.01667,16.775
Kvädöfjärden,2014,4,2010,0.43,0.18,0.72,58.01667,16.775
Kvädöfjärden,2014,5,2009,0.84,0.47,1.35,58.01667,16.775
Kvädöfjärden,2014,plusgroup,2008,0.84,0.47,1.35,58.01667,16.775
Kvädöfjärden,2015,1,2014,0.07,0.01,0.25,58.01667,16.775
Kvädöfjärden,2015,2,2013,0.35,0.12,0.67,58.01667,16.775
Kvädöfjärden,2015,3,2012,0.85,0.51,1.29,58.01667,16.775
Kvädöfjärden,2015,4,2011,0.65,0.32,1.06,58.01667,16.775
Kvädöfjärden,2015,5,2010,0.63,0.33,0.93,58.01667,16.775
Kvädöfjärden,2015,plusgroup,2009,0.63,0.33,0.93,58.01667,16.775
Kvädöfjärden,2016,1,2015,0.06,0,0.23,58.01667,16.775
Kvädöfjärden,2016,2,2014,0.32,0.12,0.54,58.01667,16.775
Kvädöfjärden,2016,3,2013,0.94,0.55,1.42,58.01667,16.775
Kvädöfjärden,2016,4,2012,1.04,0.56,1.97,58.01667,16.775
Kvädöfjärden,2016,5,2011,1.26,0.87,1.81,58.01667,16.775
Kvädöfjärden,2016,plusgroup,2010,1.26,0.87,1.81,58.01667,16.775
Kvädöfjärden,2017,1,2016,0.06,0,0.2,58.01667,16.775
Kvädöfjärden,2017,2,2015,0.38,0.13,0.93,58.01667,16.775
Kvädöfjärden,2017,3,2014,0.71,0.42,1.02,58.01667,16.775
Kvädöfjärden,2017,4,2013,0.84,0.46,1.36,58.01667,16.775
Kvädöfjärden,2017,5,2012,1.35,0.87,2.28,58.01667,16.775
Kvädöfjärden,2017,plusgroup,2011,1.35,0.87,2.28,58.01667,16.775
Kvädöfjärden,2018,1,2017,0.13,0,1.07,58.01667,16.775
Kvädöfjärden,2018,2,2016,0.52,0.27,0.88,58.01667,16.775
Kvädöfjärden,2018,3,2015,1.03,0.56,1.82,58.01667,16.775
Kvädöfjärden,2018,4,2014,1.12,0.66,1.65,58.01667,16.775
Kvädöfjärden,2018,5,2013,1.1,0.65,1.6,58.01667,16.775
Kvädöfjärden,2018,plusgroup,2012,1.1,0.65,1.6,58.01667,16.775
Kvädöfjärden,2019,1,2018,0.12,0,0.48,58.01667,16.775
Kvädöfjärden,2019,2,2017,0.57,0.26,1.2,58.01667,16.775
Kvädöfjärden,2019,3,2016,1.26,0.82,1.73,58.01667,16.775
Kvädöfjärden,2019,4,2015,1.14,0.59,2.73,58.01667,16.775
Kvädöfjärden,2019,5,2014,1.2,0.76,1.82,58.01667,16.775
Kvädöfjärden,2019,plusgroup,2013,1.2,0.76,1.82,58.01667,16.775
Kvädöfjärden,2020,1,2019,0.06,0,0.26,58.01667,16.775
Kvädöfjärden,2020,2,2018,0.39,0.16,0.64,58.01667,16.775
Kvädöfjärden,2020,3,2017,1.06,0.59,1.7,58.01667,16.775
Kvädöfjärden,2020,4,2016,1,0.48,1.87,58.01667,16.775
Kvädöfjärden,2020,5,2015,1,0.55,1.68,58.01667,16.775
Kvädöfjärden,2020,plusgroup,2014,1,0.55,1.68,58.01667,16.775
Kvädöfjärden,2021,1,2020,0.06,0,0.32,58.01667,16.775
Kvädöfjärden,2021,2,2019,0.4,0.15,0.75,58.01667,16.775
Kvädöfjärden,2021,3,2018,1,0.61,1.38,58.01667,16.775
Kvädöfjärden,2021,4,2017,0.65,0.24,1.14,58.01667,16.775
Kvädöfjärden,2021,5,2016,0.79,0.38,1.36,58.01667,16.775
Kvädöfjärden,2021,plusgroup,2015,0.79,0.38,1.36,58.01667,16.775
Kvädöfjärden,2022,1,2021,0.05,0,0.28,58.01667,16.775
Kvädöfjärden,2022,2,2020,0.58,0.21,1.4,58.01667,16.775
Kvädöfjärden,2022,3,2019,0.97,0.5,1.47,58.01667,16.775
Kvädöfjärden,2022,4,2018,0.62,0.2,1.08,58.01667,16.775
Kvädöfjärden,2022,5,2017,0.71,0.33,1.19,58.01667,16.775
Kvädöfjärden,2022,plusgroup,2016,0.71,0.33,1.19,58.01667,16.775
Kvädöfjärden,2023,1,2022,0.05,0,0.28,58.01667,16.775
Kvädöfjärden,2023,2,2021,0.57,0.24,1.03,58.01667,16.775
Kvädöfjärden,2023,3,2020,1.67,1,2.57,58.01667,16.775
Kvädöfjärden,2023,4,2019,0.6,0.15,1.19,58.01667,16.775
Kvädöfjärden,2023,5,2018,0.81,0.42,1.26,58.01667,16.775
Kvädöfjärden,2023,plusgroup,2017,0.81,0.42,1.26,58.01667,16.775
Kvädöfjärden,2024,1,2023,0.05,0,0.26,58.01667,16.775
Kvädöfjärden,2024,2,2022,0.53,0.17,1.22,58.01667,16.775
Kvädöfjärden,2024,3,2021,1.82,1.13,2.58,58.01667,16.775
Kvädöfjärden,2024,4,2020,0.59,0.11,1.33,58.01667,16.775
Kvädöfjärden,2024,5,2019,0.65,0.29,1.09,58.01667,16.775
Kvädöfjärden,2024,plusgroup,2018,0.65,0.29,1.09,58.01667,16.775
Östra Gotlands m kustvatten,2018,1,2017,1.89,1.13,2.67,57.5335,18.85
Östra Gotlands m kustvatten,2018,plusgroup,2016,1.89,1.13,2.67,57.5335,18.85
Östra Gotlands m kustvatten,2019,1,2018,1.3,0.79,1.85,57.5335,18.85
Östra Gotlands m kustvatten,2019,plusgroup,2017,1.3,0.79,1.85,57.5335,18.85
Östra Gotlands m kustvatten,2020,1,2019,0.89,0.46,1.34,57.5335,18.85
Östra Gotlands m kustvatten,2020,plusgroup,2018,0.89,0.46,1.34,57.5335,18.85
Östra Gotlands m kustvatten,2021,1,2020,2.98,2.25,3.73,57.5335,18.85
Östra Gotlands m kustvatten,2021,plusgroup,2019,2.98,2.25,3.73,57.5335,18.85
Östra Gotlands m kustvatten,2022,1,2021,0.93,0.29,1.83,57.5335,18.85
Östra Gotlands m kustvatten,2022,plusgroup,2020,0.93,0.29,1.83,57.5335,18.85
Östra Gotlands m kustvatten,2023,1,2022,0.41,0.09,0.91,57.5335,18.85
Östra Gotlands m kustvatten,2023,plusgroup,2021,0.41,0.09,0.91,57.5335,18.85
Östra Gotlands m kustvatten,2024,1,2023,0.98,0.13,2.03,57.5335,18.85
Östra Gotlands m kustvatten,2024,plusgroup,2022,0.98,0.13,2.03,57.5335,18.85
Torhamn,2002,1,2001,0.41,0.14,0.73,56.05,15.79167
Torhamn,2002,2,2000,1.41,1.12,1.72,56.05,15.79167
Torhamn,2002,plusgroup,1999,1.41,1.12,1.72,56.05,15.79167
Torhamn,2003,1,2002,0.17,0.05,0.37,56.05,15.79167
Torhamn,2003,2,2001,1.29,0.99,1.59,56.05,15.79167
Torhamn,2003,plusgroup,2000,1.29,0.99,1.59,56.05,15.79167
Torhamn,2004,1,2003,1.11,0.78,1.44,56.05,15.79167
Torhamn,2004,2,2002,2.29,1.9,2.68,56.05,15.79167
Torhamn,2004,plusgroup,2001,2.29,1.9,2.68,56.05,15.79167
Torhamn,2005,1,2004,0.33,0.07,0.76,56.05,15.79167
Torhamn,2005,2,2003,1.26,0.95,1.57,56.05,15.79167
Torhamn,2005,plusgroup,2002,1.26,0.95,1.57,56.05,15.79167
Torhamn,2006,1,2005,1.08,0.68,1.47,56.05,15.79167
Torhamn,2006,2,2004,2.11,1.66,2.66,56.05,15.79167
Torhamn,2006,plusgroup,2003,2.11,1.66,2.66,56.05,15.79167
Torhamn,2007,1,2006,0.49,0.17,0.85,56.05,15.79167
Torhamn,2007,2,2005,1.71,1.3,2.2,56.05,15.79167
Torhamn,2007,plusgroup,2004,1.71,1.3,2.2,56.05,15.79167
Torhamn,2008,1,2007,0.06,0.01,0.22,56.05,15.79167
Torhamn,2008,2,2006,0.91,0.64,1.21,56.05,15.79167
Torhamn,2008,plusgroup,2005,0.91,0.64,1.21,56.05,15.79167
Torhamn,2009,1,2008,0.11,0.02,0.28,56.05,15.79167
Torhamn,2009,2,2007,1.21,0.89,1.57,56.05,15.79167
Torhamn,2009,plusgroup,2006,1.21,0.89,1.57,56.05,15.79167
Torhamn,2010,1,2009,0.42,0.06,0.83,56.05,15.79167
Torhamn,2010,2,2008,1.37,1.05,1.69,56.05,15.79167
Torhamn,2010,plusgroup,2007,1.37,1.05,1.69,56.05,15.79167
Torhamn,2011,1,2010,0.1,0.02,0.29,56.05,15.79167
Torhamn,2011,2,2009,0.94,0.65,1.24,56.05,15.79167
Torhamn,2011,plusgroup,2008,0.94,0.65,1.24,56.05,15.79167
Torhamn,2012,1,2011,0.08,0.02,0.22,56.05,15.79167
Torhamn,2012,2,2010,0.81,0.57,1.06,56.05,15.79167
Torhamn,2012,plusgroup,2009,0.81,0.57,1.06,56.05,15.79167
Torhamn,2013,1,2012,0.81,0.32,1.25,56.05,15.79167
Torhamn,2013,2,2011,1.35,1.1,1.61,56.05,15.79167
Torhamn,2013,plusgroup,2010,1.35,1.1,1.61,56.05,15.79167
Torhamn,2014,1,2013,0.12,0.03,0.33,56.05,15.79167
Torhamn,2014,2,2012,1.02,0.76,1.31,56.05,15.79167
Torhamn,2014,plusgroup,2011,1.02,0.76,1.31,56.05,15.79167
Torhamn,2015,1,2014,0.14,0.02,0.38,56.05,15.79167
Torhamn,2015,2,2013,1.3,1.03,1.59,56.05,15.79167
Torhamn,2015,plusgroup,2012,1.3,1.03,1.59,56.05,15.79167
Torhamn,2016,1,2015,0.09,0.02,0.26,56.05,15.79167
Torhamn,2016,2,2014,1.17,0.9,1.45,56.05,15.79167
Torhamn,2016,plusgroup,2013,1.17,0.9,1.45,56.05,15.79167
Torhamn,2017,1,2016,0.19,0.03,0.52,56.05,15.79167
Torhamn,2017,2,2015,1.32,1.05,1.59,56.05,15.79167
Torhamn,2017,plusgroup,2014,1.32,1.05,1.59,56.05,15.79167
Torhamn,2018,1,2017,2.34,1.75,2.99,56.05,15.79167
Torhamn,2018,2,2016,3.71,3.04,4.52,56.05,15.79167
Torhamn,2018,plusgroup,2015,3.71,3.04,4.52,56.05,15.79167
Torhamn,2019,1,2018,0.26,0.09,0.52,56.05,15.79167
Torhamn,2019,2,2017,2.6,1.77,3.88,56.05,15.79167
Torhamn,2019,plusgroup,2016,2.6,1.77,3.88,56.05,15.79167
Torhamn,2020,1,2019,0.27,0.04,0.72,56.05,15.79167
Torhamn,2020,2,2018,2.38,2,2.75,56.05,15.79167
Torhamn,2020,plusgroup,2017,2.38,2,2.75,56.05,15.79167
Torhamn,2021,1,2020,0.43,0.12,0.85,56.05,15.79167
Torhamn,2021,2,2019,3.54,2.61,4.92,56.05,15.79167
Torhamn,2021,plusgroup,2018,3.54,2.61,4.92,56.05,15.79167
Torhamn,2022,1,2021,2.49,1.99,2.98,56.05,15.79167
Torhamn,2022,2,2020,5.57,3.68,9.55,56.05,15.79167
Torhamn,2022,plusgroup,2019,5.57,3.68,9.55,56.05,15.79167
Torhamn,2023,1,2022,0.82,0.4,1.25,56.05,15.79167
Torhamn,2023,2,2021,4.06,2.7,6.93,56.05,15.79167
Torhamn,2023,plusgroup,2020,4.06,2.7,6.93,56.05,15.79167
Torhamn,2024,1,2023,0.14,0.02,0.46,56.05,15.79167
Torhamn,2024,2,2022,2.29,1.58,3.1,56.05,15.79167
Torhamn,2024,plusgroup,2021,2.29,1.58,3.1,56.05,15.79167
